Const,Your Rating,Date Rated,Title,URL,Title Type,IMDb Rating,Runtime (mins),Year,Genres,Num Votes,Release Date,Directors
tt0100142,7,2023-12-31,Metropolitan,https://www.imdb.com/title/tt0100142/,movie,7.3,98,1990,"Comedy, Drama, Romance",12216,1990-01-20,Whit Stillman
tt10048342,8,2021-01-20,The Queen's Gambit,https://www.imdb.com/title/tt10048342/,tvMiniSeries,8.5,397,2020,Drama,528211,2020-10-23,
tt1010048,8,2019-04-27,Slumdog Millionaire,https://www.imdb.com/title/tt1010048/,movie,8.0,120,2008,"Crime, Drama, Romance",870302,2008-08-30,"Loveleen Tandan, Danny Boyle"
tt0101272,7,2022-10-03,The Addams Family,https://www.imdb.com/title/tt0101272/,movie,6.9,99,1991,"Comedy, Fantasy",177304,1991-11-19,Barry Sonnenfeld
tt0101318,7,2023-12-05,Les amants du Pont-Neuf,https://www.imdb.com/title/tt0101318/,movie,7.6,125,1991,"Drama, Romance",15049,1991-10-16,Leos Carax
tt10137242,8,2021-09-11,Above the Styx,https://www.imdb.com/title/tt10137242/,short,,29,2019,"Documentary, Short",,2019-03-24,
tt10140018,8,2023-06-06,Facade Colour: Blue,https://www.imdb.com/title/tt10140018/,short,8.0,23,2019,"Documentary, Short",25,2019-03-23,Oleksiy Radynski
tt0101428,5,2023-09-29,La Belle Noiseuse,https://www.imdb.com/title/tt0101428/,movie,7.5,238,1991,Drama,9185,1991-05-14,Jacques Rivette
tt1016150,8,2022-10-31,Im Westen nichts Neues,https://www.imdb.com/title/tt1016150/,movie,7.8,148,2022,"Action, Drama, War",232724,2022-09-12,Edward Berger
tt10168670,7,2022-12-25,Bones and All,https://www.imdb.com/title/tt10168670/,movie,6.8,131,2022,"Drama, Horror, Romance",53799,2022-09-02,Luca Guadagnino
tt1017451,6,2020-08-04,The Runaways,https://www.imdb.com/title/tt1017451/,movie,6.5,106,2010,"Biography, Drama, Music",50593,2010-01-24,Floria Sigismondi
tt0101761,7,2022-12-12,The Doors,https://www.imdb.com/title/tt0101761/,movie,7.2,140,1991,"Biography, Drama, Music",97839,1991-02-23,Oliver Stone
tt0101765,6,2022-01-25,La double vie de Véronique,https://www.imdb.com/title/tt0101765/,movie,7.7,98,1991,"Drama, Fantasy, Music, Mystery, Romance",52160,1991-05-15,Krzysztof Kieslowski
tt10199970,8,2021-10-27,Deep Love,https://www.imdb.com/title/tt10199970/,short,7.3,14,2019,"Animation, Short",90,2019-02-08,Mykyta Lyskov
tt1020938,6,2023-02-19,Bébé(s),https://www.imdb.com/title/tt1020938/,movie,7.0,79,2010,Documentary,7401,2010-05-07,Thomas Balmès
tt1022603,7,2020-06-23,(500) Days of Summer,https://www.imdb.com/title/tt1022603/,movie,7.7,95,2009,"Comedy, Drama, Romance",547312,2009-01-17,Marc Webb
tt10244550,6,2021-08-17,Iz zavyazanymy ochyma,https://www.imdb.com/title/tt10244550/,movie,6.1,100,2020,"Drama, Sport",109,2020-10-09,Taras Dron
tt10268488,7,2022-11-27,The Greatest Beer Run Ever,https://www.imdb.com/title/tt10268488/,movie,6.8,126,2022,"Adventure, Drama, War",25642,2022-09-13,Peter Farrelly
tt10272534,6,2022-12-03,Lvx Æterna,https://www.imdb.com/title/tt10272534/,movie,6.3,51,2019,"Drama, Thriller",7066,2019-05-18,Gaspar Noé
tt0102926,8,2021-05-17,The Silence of the Lambs,https://www.imdb.com/title/tt0102926/,movie,8.6,118,1991,"Crime, Drama, Thriller",1518333,1991-01-30,Jonathan Demme
tt10293406,6,2021-12-28,The Power of the Dog,https://www.imdb.com/title/tt10293406/,movie,6.8,126,2021,"Drama, Western",190009,2021-09-02,Jane Campion
tt10304142,6,2023-01-23,Amsterdam,https://www.imdb.com/title/tt10304142/,movie,6.1,134,2022,"Comedy, Drama, History, Mystery, Thriller",88291,2022-09-18,David O. Russell
tt0103074,8,2023-07-18,Thelma & Louise,https://www.imdb.com/title/tt0103074/,movie,7.6,130,1991,"Adventure, Crime, Drama",168435,1991-05-20,Ridley Scott
tt1032846,7,2023-04-13,"4 luni, 3 saptamâni si 2 zile",https://www.imdb.com/title/tt1032846/,movie,7.9,113,2007,Drama,62803,2007-05-17,Cristian Mungiu
tt10331000,7,2021-10-27,Petrivka - requiem,https://www.imdb.com/title/tt10331000/,short,7.4,5,2019,"Animation, Short",20,2019-05-31,Kateryna Voznytsya
tt10334222,6,2023-11-10,Svetlonoc,https://www.imdb.com/title/tt10334222/,movie,6.1,106,2022,"Drama, Horror, Mystery",712,2022-08-12,Tereza Nvotová
tt1034415,9,2023-01-24,Suspiria,https://www.imdb.com/title/tt1034415/,movie,6.7,152,2018,"Drama, Fantasy, Horror, Mystery, Thriller",89591,2018-09-01,Luca Guadagnino
tt10365998,6,2023-02-19,Infinity Pool,https://www.imdb.com/title/tt10365998/,movie,6.0,117,2023,"Crime, Horror, Mystery, Sci-Fi, Thriller",49898,2023-01-21,Brandon Cronenberg
tt10366460,7,2022-02-13,CODA,https://www.imdb.com/title/tt10366460/,movie,8.0,111,2021,"Comedy, Drama, Music",158109,2021-01-29,Sian Heder
tt10370710,8,2021-08-19,Verdens verste menneske,https://www.imdb.com/title/tt10370710/,movie,7.7,128,2021,"Comedy, Drama, Romance",90853,2021-02-04,Joachim Trier
tt0103772,8,2021-12-21,Basic Instinct,https://www.imdb.com/title/tt0103772/,movie,7.0,127,1992,"Drama, Mystery, Thriller",214968,1992-03-18,Paul Verhoeven
tt10457128,8,2022-01-24,Été 85,https://www.imdb.com/title/tt10457128/,movie,6.9,101,2020,"Drama, Romance",12676,2020-07-02,François Ozon
tt0105236,7,2020-01-17,Reservoir Dogs,https://www.imdb.com/title/tt0105236/,movie,8.3,99,1992,"Crime, Thriller",1071707,1992-01-21,Quentin Tarantino
tt10576278,6,2021-02-19,Eastman,https://www.imdb.com/title/tt10576278/,movie,6.8,90,2019,"Drama, War",104,2019-07-15,Andrii Ivaniuk
tt10576558,7,2023-07-06,In Our Synagogue,https://www.imdb.com/title/tt10576558/,short,7.1,20,2019,Short,30,2019-03-08,Ivan Orlenko
tt10618286,7,2020-12-11,Mank,https://www.imdb.com/title/tt10618286/,movie,6.8,131,2020,"Biography, Comedy, Drama",81400,2020-11-13,David Fincher
tt0106220,7,2022-10-04,Addams Family Values,https://www.imdb.com/title/tt0106220/,movie,6.8,94,1993,"Comedy, Fantasy",107823,1993-11-19,Barry Sonnenfeld
tt10633456,7,2021-05-19,Minari,https://www.imdb.com/title/tt10633456/,movie,7.4,115,2020,Drama,93409,2020-01-26,Lee Isaac Chung
tt10638036,8,2022-06-03,Heartstopper,https://www.imdb.com/title/tt10638036/,tvSeries,8.6,30,2022,"Drama, Romance",73445,2022-04-22,
tt10640346,8,2023-02-08,Babylon,https://www.imdb.com/title/tt10640346/,movie,7.1,189,2022,"Comedy, Drama, History",156647,2022-12-15,Damien Chazelle
tt1068680,8,2019-05-27,Yes Man,https://www.imdb.com/title/tt1068680/,movie,6.8,104,2008,"Comedy, Romance",378718,2008-12-09,Peyton Reed
tt10687506,7,2023-08-23,The Electrical Life of Louis Wain,https://www.imdb.com/title/tt10687506/,movie,6.8,111,2021,"Biography, Drama, History",19249,2021-09-02,Will Sharpe
tt10702760,7,2023-07-21,National Theatre Live: Fleabag,https://www.imdb.com/title/tt10702760/,movie,8.3,80,2019,Comedy,3064,2019-09-06,"Vicky Jones, Tony Grech-Smith"
tt1070874,7,2021-05-08,The Trial of the Chicago 7,https://www.imdb.com/title/tt1070874/,movie,7.7,129,2020,"Drama, History, Thriller",190146,2020-09-25,Aaron Sorkin
tt10731256,7,2023-01-13,Don't Worry Darling,https://www.imdb.com/title/tt10731256/,movie,6.3,123,2022,"Drama, Mystery, Thriller",136706,2022-09-05,Olivia Wilde
tt10735778,7,2020-02-20,Nashi Kotyky,https://www.imdb.com/title/tt10735778/,movie,7.7,110,2020,Comedy,1170,2020-01-30,Volodymyr Tykhyy
tt0107468,5,2022-11-18,M. Butterfly,https://www.imdb.com/title/tt0107468/,movie,6.7,101,1993,"Drama, Romance",10787,1993-09-09,David Cronenberg
tt10749786,7,2020-09-26,Atlantis,https://www.imdb.com/title/tt10749786/,movie,6.9,108,2019,"Drama, War",2609,2019-09-04,Valentyn Vasyanovych
tt0107653,5,2023-08-24,Naked,https://www.imdb.com/title/tt0107653/,movie,7.7,131,1993,"Comedy, Drama",43014,1993-05-14,Mike Leigh
tt0107688,6,2022-12-13,The Nightmare Before Christmas,https://www.imdb.com/title/tt0107688/,movie,7.9,76,1993,"Animation, Family, Fantasy, Musical",370494,1993-10-09,Henry Selick
tt0108052,9,2021-07-19,Schindler's List,https://www.imdb.com/title/tt0108052/,movie,9.0,195,1993,"Biography, Drama, History",1425674,1993-11-30,Steven Spielberg
tt0108394,7,2023-01-25,Trois couleurs: Bleu,https://www.imdb.com/title/tt0108394/,movie,7.9,94,1993,"Drama, Music, Mystery, Romance",108895,1993-09-03,Krzysztof Kieslowski
tt0108399,7,2023-10-22,True Romance,https://www.imdb.com/title/tt0108399/,movie,7.9,119,1993,"Crime, Drama, Romance, Thriller",239122,1993-09-08,Tony Scott
tt0108778,9,2018-11-11,Friends,https://www.imdb.com/title/tt0108778/,tvSeries,8.9,5280,1994,"Comedy, Romance",1066023,1994-09-22,
tt1091722,6,2023-11-21,Adventureland,https://www.imdb.com/title/tt1091722/,movie,6.8,107,2009,"Comedy, Drama, Romance",166572,2009-01-19,Greg Mottola
tt0109424,7,2022-08-18,Chung Hing sam lam,https://www.imdb.com/title/tt0109424/,movie,8.0,102,1994,"Comedy, Crime, Drama, Mystery, Romance",92907,1994-07-14,Kar-Wai Wong
tt1094249,6,2023-07-06,Hotel Chevalier,https://www.imdb.com/title/tt1094249/,short,7.2,13,2007,"Short, Drama, Romance",35711,2007-09-03,Wes Anderson
tt10944760,7,2021-08-21,Titane,https://www.imdb.com/title/tt10944760/,movie,6.5,108,2021,"Drama, Horror, Sci-Fi, Thriller",54049,2021-07-13,Julia Ducournau
tt10986222,7,2022-03-20,C'mon C'mon,https://www.imdb.com/title/tt10986222/,movie,7.4,109,2021,Drama,37362,2021-09-02,Mike Mills
tt0110413,7,2021-05-15,Léon,https://www.imdb.com/title/tt0110413/,movie,8.5,110,1994,"Action, Crime, Drama, Thriller",1224680,1994-09-14,Luc Besson
tt0110475,7,2019-05-04,The Mask,https://www.imdb.com/title/tt0110475/,movie,6.9,101,1994,"Action, Comedy, Crime, Fantasy",412423,1994-07-28,Chuck Russell
tt11080676,7,2021-08-15,Nebenan,https://www.imdb.com/title/tt11080676/,movie,6.8,92,2021,"Comedy, Drama",3774,2021-06-11,Daniel Brühl
tt0110912,8,2019-12-30,Pulp Fiction,https://www.imdb.com/title/tt0110912/,movie,8.9,154,1994,"Crime, Drama",2176704,1994-05-21,Quentin Tarantino
tt0111161,9,2021-04-27,The Shawshank Redemption,https://www.imdb.com/title/tt0111161/,movie,9.3,142,1994,Drama,2837231,1994-09-10,Frank Darabont
tt0111495,6,2023-01-30,Trois couleurs: Rouge,https://www.imdb.com/title/tt0111495/,movie,8.1,99,1994,"Drama, Mystery, Romance",108635,1994-05-16,Krzysztof Kieslowski
tt0111507,7,2023-01-30,Trois couleurs: Blanc,https://www.imdb.com/title/tt0111507/,movie,7.6,92,1994,"Comedy, Drama, Romance",78428,1994-01-26,Krzysztof Kieslowski
tt0112471,8,2023-04-08,Before Sunrise,https://www.imdb.com/title/tt0112471/,movie,8.1,101,1995,"Drama, Romance",332755,1995-01-19,Richard Linklater
tt1126591,6,2023-09-09,Burlesque,https://www.imdb.com/title/tt1126591/,movie,6.4,119,2010,"Drama, Music, Musical, Romance",91914,2010-11-24,Steve Antin
tt0112697,8,2023-07-16,Clueless,https://www.imdb.com/title/tt0112697/,movie,6.9,97,1995,"Comedy, Romance",239658,1995-07-07,Amy Heckerling
tt11271038,6,2022-03-07,Licorice Pizza,https://www.imdb.com/title/tt11271038/,movie,7.1,133,2021,"Comedy, Drama, Romance",136487,2021-11-20,Paul Thomas Anderson
tt11286314,8,2021-12-27,Don't Look Up,https://www.imdb.com/title/tt11286314/,movie,7.2,138,2021,"Comedy, Drama, Sci-Fi",582365,2021-12-05,Adam McKay
tt0112913,8,2022-06-12,Do lok tin si,https://www.imdb.com/title/tt0112913/,movie,7.6,99,1995,"Comedy, Crime, Drama, Romance",48558,1995-09-06,Kar-Wai Wong
tt1130884,7,2022-09-06,Shutter Island,https://www.imdb.com/title/tt1130884/,movie,8.2,138,2010,"Mystery, Thriller",1421055,2010-02-13,Martin Scorsese
tt11317142,7,2023-01-05,Shiva Baby,https://www.imdb.com/title/tt11317142/,movie,7.1,77,2020,"Comedy, Drama",30910,2020-03-15,Emma Seligman
tt1131724,6,2019-08-20,2:22,https://www.imdb.com/title/tt1131724/,movie,5.7,98,2017,"Drama, Mystery, Romance, Sci-Fi, Thriller",25316,2017-06-29,Paul Currie
tt0113247,6,2022-01-06,La haine,https://www.imdb.com/title/tt0113247/,movie,8.1,98,1995,"Crime, Drama",191256,1995-05-27,Mathieu Kassovitz
tt11386020,6,2020-10-20,Chornyy Voron,https://www.imdb.com/title/tt11386020/,movie,7.3,110,2019,"Drama, History, War",581,2019-12-04,Taras Tkachenko
tt11394182,7,2021-12-20,Feels Good Man,https://www.imdb.com/title/tt11394182/,movie,7.5,92,2020,"Documentary, Comedy",5428,2020-01-27,Arthur Jones
tt1139797,6,2023-08-23,Låt den rätte komma in,https://www.imdb.com/title/tt1139797/,movie,7.8,114,2008,"Drama, Fantasy, Horror, Romance",224930,2008-01-26,Tomas Alfredson
tt11402054,6,2020-01-23,Viddana,https://www.imdb.com/title/tt11402054/,movie,6.4,103,2020,"Drama, Fantasy, History, Romance",722,2020-01-16,Khrystyna Syvolap
tt0114369,7,2022-09-16,Se7en,https://www.imdb.com/title/tt0114369/,movie,8.6,127,1995,"Crime, Drama, Mystery, Thriller",1761940,1995-09-15,David Fincher
tt11439628,7,2020-10-27,Train Kyiv-War,https://www.imdb.com/title/tt11439628/,movie,7.9,72,2020,Documentary,43,2020-08-23,Kornii Hrytsiuk
tt0114436,7,2023-07-27,Showgirls,https://www.imdb.com/title/tt0114436/,movie,5.1,128,1995,Drama,73129,1995-09-21,Paul Verhoeven
tt1144884,5,2019-08-17,The Final Destination,https://www.imdb.com/title/tt1144884/,movie,5.1,82,2009,"Horror, Thriller",113525,2009-08-26,David R. Ellis
tt0114787,7,2023-12-07,Underground,https://www.imdb.com/title/tt0114787/,movie,8.1,170,1995,"Comedy, Drama, Fantasy, War",60627,1995-04-01,Emir Kusturica
tt11532922,6,2021-12-20,One Man and His Shoes,https://www.imdb.com/title/tt11532922/,movie,6.5,83,2020,"Documentary, Biography, History, Sport",415,2020-06-01,Yemi Bamiro
tt0115940,6,2022-03-08,Conte d'été,https://www.imdb.com/title/tt0115940/,movie,7.6,113,1996,"Comedy, Drama, Romance",9709,1996-05-31,Éric Rohmer
tt0115964,8,2022-11-07,Crash,https://www.imdb.com/title/tt0115964/,movie,6.4,100,1996,Drama,65283,1996-05-17,David Cronenberg
tt1160419,6,2021-10-31,Dune: Part One,https://www.imdb.com/title/tt1160419/,movie,8.0,155,2021,"Action, Adventure, Drama, Sci-Fi",738431,2021-09-03,Denis Villeneuve
tt0116282,7,2021-12-13,Fargo,https://www.imdb.com/title/tt0116282/,movie,8.1,98,1996,"Crime, Thriller",713060,1996-03-08,"Joel Coen, Ethan Coen"
tt0116922,5,2023-07-08,Lost Highway,https://www.imdb.com/title/tt0116922/,movie,7.6,134,1997,"Mystery, Thriller",150996,1997-01-15,David Lynch
tt11760792,6,2022-09-10,La voz humana,https://www.imdb.com/title/tt11760792/,short,6.9,30,2020,"Short, Drama",8134,2020-09-03,Pedro Almodóvar
tt11771626,4,2020-10-26,Nomery,https://www.imdb.com/title/tt11771626/,movie,5.5,104,2020,"Drama, Sci-Fi",243,2020-02-21,"Akhtem Seitablaev, Oleh Sentsov"
tt11773492,8,2021-07-03,Goulag: Une histoire soviétique,https://www.imdb.com/title/tt11773492/,tvSeries,8.0,167,2019,"Documentary, History",206,2019-12-31,
tt11774632,6,2022-10-03,Budynok,https://www.imdb.com/title/tt11774632/,movie,6.3,93,2019,Documentary,18,2019-10-26,"Matilda Mester, Tatjana Kononenko"
tt11774746,7,2021-10-19,"Ne khvylyuysya, dveri vidchynyatsya",https://www.imdb.com/title/tt11774746/,movie,7.3,75,2019,Documentary,54,2019-11-18,Oksana Karpovych
tt11775972,4,2021-06-03,Modell Olimpia,https://www.imdb.com/title/tt11775972/,movie,5.7,89,2020,Drama,35,2020-11-17,Frédéric Hambalek
tt0117951,8,2021-01-04,Trainspotting,https://www.imdb.com/title/tt0117951/,movie,8.1,93,1996,Drama,716413,1996-02-23,Danny Boyle
tt1179933,8,2023-06-26,10 Cloverfield Lane,https://www.imdb.com/title/tt1179933/,movie,7.2,103,2016,"Drama, Horror, Mystery, Sci-Fi, Thriller",349192,2016-03-08,Dan Trachtenberg
tt0118125,6,2023-09-08,The Watermelon Woman,https://www.imdb.com/title/tt0118125/,movie,7.1,90,1996,"Comedy, Drama, Romance",3329,1996-02-29,Cheryl Dunye
tt11813216,6,2023-01-02,The Banshees of Inisherin,https://www.imdb.com/title/tt11813216/,movie,7.7,114,2022,"Comedy, Drama",237912,2022-09-05,Martin McDonagh
tt0118694,6,2021-07-24,Fa yeung nin wah,https://www.imdb.com/title/tt0118694/,movie,8.1,98,2000,"Drama, Romance",163150,2000-05-20,Kar-Wai Wong
tt0118715,7,2021-01-08,The Big Lebowski,https://www.imdb.com/title/tt0118715/,movie,8.1,117,1998,"Comedy, Crime",848805,1998-01-18,"Joel Coen, Ethan Coen"
tt0118749,5,2023-04-12,Boogie Nights,https://www.imdb.com/title/tt0118749/,movie,7.9,155,1997,Drama,278794,1997-09-11,Paul Thomas Anderson
tt0118789,3,2022-10-13,Buffalo '66,https://www.imdb.com/title/tt0118789/,movie,7.4,110,1998,"Comedy, Drama, Romance",58755,1998-01-21,Vincent Gallo
tt0118845,5,2023-06-22,Chun gwong cha sit,https://www.imdb.com/title/tt0118845/,movie,7.7,96,1997,"Drama, Romance",33152,1997-05-17,Kar-Wai Wong
tt1191111,7,2021-10-14,Enter the Void,https://www.imdb.com/title/tt1191111/,movie,7.2,161,2009,"Drama, Fantasy",86684,2009-05-22,Gaspar Noé
tt0119174,6,2021-02-13,The Game,https://www.imdb.com/title/tt0119174/,movie,7.7,129,1997,"Drama, Mystery, Thriller",422191,1997-09-03,David Fincher
tt11992694,6,2023-01-07,Corsage,https://www.imdb.com/title/tt11992694/,movie,6.6,114,2022,"Biography, Drama, History",9097,2022-05-20,Marie Kreutzer
tt0120265,4,2023-03-11,Ta'm e guilass,https://www.imdb.com/title/tt0120265/,movie,7.7,95,1997,Drama,35405,1997-05-16,Abbas Kiarostami
tt0120382,7,2021-02-14,The Truman Show,https://www.imdb.com/title/tt0120382/,movie,8.2,103,1998,"Comedy, Drama",1167904,1998-06-01,Peter Weir
tt0120663,8,2021-02-05,Eyes Wide Shut,https://www.imdb.com/title/tt0120663/,movie,7.5,159,1999,"Drama, Mystery, Thriller",367672,1999-07-13,Stanley Kubrick
tt0120789,7,2020-01-09,Pleasantville,https://www.imdb.com/title/tt0120789/,movie,7.5,124,1998,"Comedy, Drama, Fantasy",135112,1998-09-17,Gary Ross
tt0120791,6,2023-11-07,Practical Magic,https://www.imdb.com/title/tt0120791/,movie,6.3,104,1998,"Comedy, Drama, Fantasy, Romance",91866,1998-10-16,Griffin Dunne
tt12087624,9,2021-07-16,Sincerely Louis CK,https://www.imdb.com/title/tt12087624/,tvSpecial,8.2,60,2020,Comedy,6342,2020-04-04,Louis C.K.
tt0120879,6,2022-12-27,Velvet Goldmine,https://www.imdb.com/title/tt0120879/,movie,6.9,118,1998,"Drama, Music",37859,1998-05-22,Todd Haynes
tt12115998,7,2020-05-07,Spiymaty Kaydasha,https://www.imdb.com/title/tt12115998/,tvSeries,8.9,47,2020,"Comedy, Drama",895,2020-03-02,
tt0121164,6,2022-12-02,Corpse Bride,https://www.imdb.com/title/tt0121164/,movie,7.4,77,2005,"Animation, Drama, Family, Fantasy, Musical, Romance",294750,2005-09-07,"Tim Burton, Mike Johnson"
tt12166434,8,2021-01-09,Once Upon a Time in Ukraine,https://www.imdb.com/title/tt12166434/,movie,6.9,90,2020,"Action, Adventure, Comedy, Western",604,2020-12-17,Roman Perfilyev
tt1226837,7,2022-03-07,Beautiful Boy,https://www.imdb.com/title/tt1226837/,movie,7.4,120,2018,"Biography, Drama",94168,2018-09-07,Felix van Groeningen
tt12281596,5,2021-06-25,Moustache Funk,https://www.imdb.com/title/tt12281596/,movie,7.3,73,2020,Documentary,140,2020-08-27,Oleksandr Kovsh
tt0123865,7,2022-12-09,Gia,https://www.imdb.com/title/tt0123865/,tvMovie,6.9,120,1998,"Biography, Drama, Romance",49451,1998-01-31,Michael Cristofer
tt1242460,7,2023-10-15,We Need to Talk About Kevin,https://www.imdb.com/title/tt1242460/,movie,7.5,112,2011,"Drama, Mystery, Thriller",165382,2011-05-12,Lynne Ramsay
tt12477480,4,2023-01-18,Heojil kyolshim,https://www.imdb.com/title/tt12477480/,movie,7.3,139,2022,"Crime, Drama, Mystery, Romance, Thriller",51264,2022-05-23,Park Chan-wook
tt12498618,5,2021-07-16,8:46,https://www.imdb.com/title/tt12498618/,tvSpecial,8.1,27,2020,"Short, Comedy",3655,2020-06-12,"Steven Bognar, Julia Reichert"
tt12536294,6,2023-09-06,Spencer,https://www.imdb.com/title/tt12536294/,movie,6.6,117,2021,"Biography, Drama",75266,2021-09-03,Pablo Larraín
tt12588092,7,2021-09-19,Tiger Is Strolling Around,https://www.imdb.com/title/tt12588092/,short,7.0,13,2021,"Animation, Short, Drama",21,2021-06-12,Anastasia Falileieva
tt12593682,7,2022-12-04,Bullet Train,https://www.imdb.com/title/tt12593682/,movie,7.3,127,2022,"Action, Comedy, Thriller",400971,2022-07-18,David Leitch
tt12603948,7,2023-09-07,Kachalka,https://www.imdb.com/title/tt12603948/,short,7.0,9,2020,Short,61,2020-06-17,Gar O'Rourke
tt1263778,8,2022-02-04,La belle personne,https://www.imdb.com/title/tt1263778/,movie,6.6,97,2008,"Comedy, Drama",7813,2008-09-10,Christophe Honoré
tt12673718,7,2023-07-27,The New York Times Presents: Framing Britney Spears,https://www.imdb.com/title/tt12673718/,tvEpisode,6.8,74,2021,Documentary,6931,2021-02-05,Samantha Stark
tt12676326,7,2021-02-11,Malcolm & Marie,https://www.imdb.com/title/tt12676326/,movie,6.6,106,2021,"Drama, Romance",40307,2021-01-29,Sam Levinson
tt12680684,7,2022-01-06,È stata la mano di Dio,https://www.imdb.com/title/tt12680684/,movie,7.3,130,2021,Drama,48231,2021-09-02,Paolo Sorrentino
tt12747748,8,2023-12-16,Leave the World Behind,https://www.imdb.com/title/tt12747748/,movie,6.5,138,2023,"Drama, Mystery, Thriller",130712,2023-10-25,Sam Esmail
tt12789558,8,2022-02-10,Belfast,https://www.imdb.com/title/tt12789558/,movie,7.2,98,2021,"Biography, Drama, Romance",87877,2021-09-02,Kenneth Branagh
tt12801262,7,2021-07-12,Luca,https://www.imdb.com/title/tt12801262/,movie,7.4,95,2021,"Animation, Adventure, Comedy, Drama, Family, Fantasy",186385,2021-06-17,Enrico Casarosa
tt1285309,6,2022-06-25,The Joneses,https://www.imdb.com/title/tt1285309/,movie,6.4,96,2009,"Comedy, Drama",41534,2009-09-13,Derrick Borte
tt12869276,7,2023-09-11,Wesele,https://www.imdb.com/title/tt12869276/,movie,6.7,135,2021,Drama,1421,2021-10-04,Wojciech Smarzowski
tt12957596,6,2021-10-27,Bullmastiff,https://www.imdb.com/title/tt12957596/,short,7.4,26,2020,Short,32,2020-08-24,Anastasiya Bukovska
tt12980498,5,2021-10-27,The Surrogate,https://www.imdb.com/title/tt12980498/,short,7.1,6,2020,"Animation, Short, Crime, Horror",79,2020-08-08,Stas Santimov
tt12980524,7,2021-10-27,"Save Me, Doctor!",https://www.imdb.com/title/tt12980524/,short,7.9,19,2020,"Short, Documentary",16,2020-08-09,Dmytro Hreshko
tt1302006,8,2020-01-03,The Irishman,https://www.imdb.com/title/tt1302006/,movie,7.8,209,2019,"Biography, Crime, Drama",421956,2019-09-27,Martin Scorsese
tt0130827,7,2023-08-02,Lola rennt,https://www.imdb.com/title/tt0130827/,movie,7.7,81,1998,"Action, Crime, Thriller",204987,1998-08-20,Tom Tykwer
tt13143964,6,2020-12-15,Borat Subsequent Moviefilm: Delivery of Prodigious Bribe to American Regime for Make Benefit Once Glorious Nation of Kazakhstan,https://www.imdb.com/title/tt13143964/,movie,6.6,95,2020,Comedy,150837,2020-10-23,Jason Woliner
tt13204490,7,2022-09-16,Petite maman,https://www.imdb.com/title/tt13204490/,movie,7.4,73,2021,"Drama, Fantasy",16780,2021-06-02,Céline Sciamma
tt13271284,6,2023-11-29,This Is an Address,https://www.imdb.com/title/tt13271284/,short,6.4,18,2020,Short,10,2020-02-18,Sasha Wortzel
tt13308316,5,2022-11-15,Babysitter,https://www.imdb.com/title/tt13308316/,movie,6.1,87,2022,"Comedy, Drama, Mystery",1281,2022-01-22,Monia Chokri
tt13327038,5,2023-11-02,Do Revenge,https://www.imdb.com/title/tt13327038/,movie,6.3,118,2022,"Comedy, Romance, Thriller",48111,2022-09-16,Jennifer Kaytin Robinson
tt1333667,7,2022-12-12,When You're Strange,https://www.imdb.com/title/tt1333667/,movie,7.6,86,2009,"Documentary, Music",10186,2009-01-17,Tom DiCillo
tt13391802,7,2023-03-04,Normal People Confessions,https://www.imdb.com/title/tt13391802/,video,8.3,8,2020,"Short, Comedy",369,2020-01-26,Lenny Abrahamson
tt0134119,7,2022-09-15,The Talented Mr. Ripley,https://www.imdb.com/title/tt0134119/,movie,7.4,139,1999,"Crime, Drama, Thriller",229527,1999-12-12,Anthony Minghella
tt13416976,6,2023-11-28,Río turbio,https://www.imdb.com/title/tt13416976/,movie,6.6,82,2020,Documentary,14,2020-07-22,Tatiana Mazú González
tt1343092,6,2022-11-14,The Great Gatsby,https://www.imdb.com/title/tt1343092/,movie,7.2,143,2013,"Drama, Romance",584890,2013-05-01,Baz Luhrmann
tt13443470,7,2022-11-30,Wednesday,https://www.imdb.com/title/tt13443470/,tvSeries,8.1,45,2022,"Comedy, Crime, Fantasy, Mystery",344062,2022-10-31,
tt13453006,7,2022-05-31,Red Rocket,https://www.imdb.com/title/tt13453006/,movie,7.1,130,2021,"Comedy, Drama",30560,2021-07-14,Sean Baker
tt13521006,7,2023-07-12,Beau Is Afraid,https://www.imdb.com/title/tt13521006/,movie,6.7,179,2023,"Comedy, Drama, Horror",50334,2023-04-01,Ari Aster
tt13560574,7,2023-01-15,X,https://www.imdb.com/title/tt13560574/,movie,6.5,105,2022,"Horror, Mystery, Thriller",158190,2022-03-13,Ti West
tt13622118,4,2021-09-19,Cryptozoo,https://www.imdb.com/title/tt13622118/,movie,6.4,95,2021,"Animation, Fantasy",2085,2021-01-29,Dash Shaw
tt13651794,5,2023-12-06,May December,https://www.imdb.com/title/tt13651794/,movie,7.0,117,2023,"Comedy, Drama",26464,2023-05-20,Todd Haynes
tt0137523,8,2021-01-03,Fight Club,https://www.imdb.com/title/tt0137523/,movie,8.8,139,1999,Drama,2272868,1999-09-10,David Fincher
tt1375666,7,2020-06-27,Inception,https://www.imdb.com/title/tt1375666/,movie,8.8,148,2010,"Action, Adventure, Sci-Fi, Thriller",2501757,2010-07-08,Christopher Nolan
tt13833688,7,2023-03-05,The Whale,https://www.imdb.com/title/tt13833688/,movie,7.7,117,2022,Drama,195521,2022-09-04,Darren Aronofsky
tt13911628,7,2023-11-19,Lessons in Chemistry,https://www.imdb.com/title/tt13911628/,tvMiniSeries,8.3,,2023,Drama,22189,2023-10-12,
tt14028890,7,2021-08-20,Stop-Zemlia,https://www.imdb.com/title/tt14028890/,movie,7.2,122,2021,Drama,1556,2021-05-03,Kateryna Gornostai
tt14030488,5,2021-10-27,Ja i moja gruba dupa,https://www.imdb.com/title/tt14030488/,short,6.3,10,2021,"Animation, Short, Comedy",511,2021-03-16,Yelyzaveta Pysmak
tt14033502,6,2021-07-13,Babardeala cu bucluc sau porno balamuc,https://www.imdb.com/title/tt14033502/,movie,6.5,106,2021,"Comedy, Drama",10113,2021-03-10,Radu Jude
tt14138650,7,2023-01-12,The Pale Blue Eye,https://www.imdb.com/title/tt14138650/,movie,6.6,128,2022,"Crime, Horror, Mystery, Thriller",119448,2022-12-14,Scott Cooper
tt14163858,6,2023-08-31,Terytoriya pustykh vikon,https://www.imdb.com/title/tt14163858/,short,7.3,10,2021,"Documentary, Short",12,2021-03-27,Zoya Laktionova
tt1417075,7,2023-08-16,W ciemnosci,https://www.imdb.com/title/tt1417075/,movie,7.3,145,2011,"Drama, War",11099,2011-09-02,Agnieszka Holland
tt14208870,7,2023-01-02,The Fabelmans,https://www.imdb.com/title/tt14208870/,movie,7.5,151,2022,Drama,110199,2022-09-10,Steven Spielberg
tt1421051,7,2023-08-30,Somewhere,https://www.imdb.com/title/tt1421051/,movie,6.3,97,2010,"Comedy, Drama, Romance",46355,2010-09-03,Sofia Coppola
tt14235558,6,2021-09-12,Sunday in Strasbourg,https://www.imdb.com/title/tt14235558/,movie,,91,2019,"Documentary, History",,2019-05-10,Ruslana Berndl
tt14369780,6,2023-01-15,Lady Chatterley's Lover,https://www.imdb.com/title/tt14369780/,movie,6.6,126,2022,"Drama, Romance",21816,2022-09-02,Laure de Clermont-Tonnerre
tt14376344,8,2023-01-17,Cha Cha Real Smooth,https://www.imdb.com/title/tt14376344/,movie,7.3,107,2022,"Comedy, Drama",25316,2022-01-23,Cooper Raiff
tt0144084,8,2022-01-02,American Psycho,https://www.imdb.com/title/tt0144084/,movie,7.6,102,2000,"Crime, Drama, Horror",694029,2000-01-21,Mary Harron
tt1441395,8,2022-03-21,Under the Skin,https://www.imdb.com/title/tt1441395/,movie,6.3,108,2013,"Drama, Horror, Mystery, Sci-Fi, Thriller",154264,2013-08-29,Jonathan Glazer
tt0144187,7,2022-07-25,Vechir na Ivana Kupala,https://www.imdb.com/title/tt0144187/,movie,7.4,71,1968,"Drama, Fantasy, Mystery",449,1968-09-14,Yuri Ilyenko
tt0144201,6,2023-08-17,La fille sur le pont,https://www.imdb.com/title/tt0144201/,movie,7.5,90,1999,"Comedy, Drama, Romance",14257,1999-03-31,Patrice Leconte
tt14444726,5,2023-01-08,Tár,https://www.imdb.com/title/tt14444726/,movie,7.4,158,2022,"Drama, Music",88163,2022-09-01,Todd Field
tt1450321,9,2021-01-03,Filth,https://www.imdb.com/title/tt1450321/,movie,7.0,97,2013,"Action, Comedy, Crime, Drama",114610,2013-09-16,Jon S. Baird
tt1454029,6,2023-12-14,The Help,https://www.imdb.com/title/tt1454029/,movie,8.1,146,2011,Drama,485016,2011-08-09,Tate Taylor
tt14544192,8,2021-07-13,Bo Burnham: Inside,https://www.imdb.com/title/tt14544192/,tvSpecial,8.6,87,2021,"Documentary, Comedy, Drama, Music",53212,2021-05-30,Bo Burnham
tt14599702,7,2021-09-19,Deep Water,https://www.imdb.com/title/tt14599702/,short,7.5,6,2021,"Animation, Short",24,2021-06-03,Anna Dudko
tt1462758,7,2021-05-09,Buried,https://www.imdb.com/title/tt1462758/,movie,7.0,95,2010,"Drama, Mystery, Thriller",167097,2010-01-23,Rodrigo Cortés
tt14642626,7,2023-11-18,Sick,https://www.imdb.com/title/tt14642626/,movie,6.0,83,2022,"Horror, Thriller",18314,2022-09-11,John Hyams
tt1475582,9,2019-01-08,Sherlock,https://www.imdb.com/title/tt1475582/,tvSeries,9.1,88,2010,"Crime, Drama, Mystery, Thriller",979407,2010-07-22,
tt14760808,7,2021-09-19,Unnecessary Things,https://www.imdb.com/title/tt14760808/,short,7.8,14,2021,"Animation, Short",24,2021-06-30,Dmytro Lisenbart
tt14829590,7,2023-12-16,Why Didn't They Ask Evans?,https://www.imdb.com/title/tt14829590/,tvMiniSeries,7.1,174,2022,"Mystery, Thriller",7436,2022-04-12,
tt14832996,6,2023-01-21,How to Become a Tyrant,https://www.imdb.com/title/tt14832996/,tvMiniSeries,7.4,138,2021,"Documentary, Biography, History, War",11015,2021-07-09,
tt14849194,7,2023-12-08,The Holdovers,https://www.imdb.com/title/tt14849194/,movie,8.0,133,2023,"Comedy, Drama",36116,2023-08-31,Alexander Payne
tt1489887,7,2023-06-19,Booksmart,https://www.imdb.com/title/tt1489887/,movie,7.1,102,2019,Comedy,128788,2019-03-10,Olivia Wilde
tt14936394,6,2023-09-01,Exarch,https://www.imdb.com/title/tt14936394/,short,5.9,10,2013,"Documentary, Short",11,,"Nadia Parfan, Maria Stoianova"
tt1507355,3,2023-07-28,The Butterfly Circus,https://www.imdb.com/title/tt1507355/,short,7.8,20,2009,"Short, Drama",3574,2009-08-31,Joshua Weigel
tt15100112,7,2021-08-15,Koroli repu,https://www.imdb.com/title/tt15100112/,movie,7.4,100,2021,"Drama, Musical",103,2021-08-14,Myroslav Latyk
tt15100676,7,2021-08-18,Prostir,https://www.imdb.com/title/tt15100676/,movie,5.1,101,2021,Sci-Fi,24,2021-08-17,Dmitriy Tomashpolskiy
tt1517268,8,2023-09-05,Barbie,https://www.imdb.com/title/tt1517268/,movie,6.9,114,2023,"Adventure, Comedy, Fantasy",440288,2023-07-09,Greta Gerwig
tt15193086,5,2021-08-20,Voduyrudu,https://www.imdb.com/title/tt15193086/,movie,6.5,75,2021,,16,2021-08-20,Anatoliy Sachivko
tt15193236,3,2021-08-20,Why I'm Alive,https://www.imdb.com/title/tt15193236/,movie,7.0,120,2021,Drama,65,2021-08-19,Villen Novak
tt1527186,8,2020-01-23,Melancholia,https://www.imdb.com/title/tt1527186/,movie,7.1,135,2011,"Drama, Sci-Fi",193110,2011-05-18,Lars von Trier
tt15364972,7,2023-07-13,Sanctuary,https://www.imdb.com/title/tt15364972/,movie,6.3,96,2022,"Drama, Thriller",6996,2022-09-12,Zachary Wigon
tt15381942,6,2021-09-19,The Responsible Hero,https://www.imdb.com/title/tt15381942/,short,,5,2021,"Short, Animation",,2021-01-11,Roman Lysenko
tt15398776,7,2023-11-12,Oppenheimer,https://www.imdb.com/title/tt15398776/,movie,8.4,180,2023,"Biography, Drama, History",573201,2023-07-11,Christopher Nolan
tt15422224,3,2023-10-31,Slotherhouse,https://www.imdb.com/title/tt15422224/,movie,4.8,93,2023,"Comedy, Horror, Thriller",3096,2023-08-30,Matthew Goodhue
tt15450148,6,2021-09-19,The War That Changed Rondo,https://www.imdb.com/title/tt15450148/,short,8.5,15,2021,"Animation, Short",7,2021-09-02,Olha Havrylova
tt15450568,6,2021-09-19,Dream Flight,https://www.imdb.com/title/tt15450568/,short,,11,2021,"Animation, Short",,2021-09-02,Mykyta Zhuravlev
tt15456618,6,2021-11-03,The Diaper Cake,https://www.imdb.com/title/tt15456618/,short,7.6,17,2021,Short,26,2021-09-24,Anastasia Babenko
tt15567174,7,2023-11-05,The Fall of the House of Usher,https://www.imdb.com/title/tt15567174/,tvMiniSeries,7.9,493,2023,"Drama, Horror, Mystery",91154,2023-10-12,
tt0015648,7,2022-09-19,Bronenosets Potemkin,https://www.imdb.com/title/tt0015648/,movie,7.9,75,1925,"Drama, History, Thriller, War",60732,1925-11-12,Sergei Eisenstein
tt1570728,6,2023-08-01,"Crazy, Stupid, Love.",https://www.imdb.com/title/tt1570728/,movie,7.4,118,2011,"Comedy, Drama, Romance",553485,2011-07-19,"Glenn Ficarra, John Requa"
tt1571222,7,2022-11-09,A Dangerous Method,https://www.imdb.com/title/tt1571222/,movie,6.4,99,2011,"Biography, Drama, Romance, Thriller",107578,2011-09-02,David Cronenberg
tt0159097,7,2022-02-07,The Virgin Suicides,https://www.imdb.com/title/tt0159097/,movie,7.2,97,1999,"Drama, Romance",166034,1999-05-19,Sofia Coppola
tt1600524,7,2022-07-07,Les amours imaginaires,https://www.imdb.com/title/tt1600524/,movie,7.0,101,2010,"Drama, Romance",30092,2010-05-16,Xavier Dolan
tt1602613,4,2022-03-25,Only God Forgives,https://www.imdb.com/title/tt1602613/,movie,5.7,90,2013,"Action, Crime, Drama, Thriller",117051,2013-05-22,Nicolas Winding Refn
tt1605783,8,2021-07-17,Midnight in Paris,https://www.imdb.com/title/tt1605783/,movie,7.6,94,2011,"Comedy, Fantasy, Romance",445101,2011-05-11,Woody Allen
tt16153658,7,2021-12-23,Drew Michael: Red Blue Green,https://www.imdb.com/title/tt16153658/,tvSpecial,7.0,58,2021,Comedy,333,2021-12-04,Drew Michael
tt1619029,7,2023-03-13,Jackie,https://www.imdb.com/title/tt1619029/,movie,6.7,100,2016,"Biography, Drama",82800,2016-09-07,Pablo Larraín
tt1622979,6,2019-08-17,Final Destination 5,https://www.imdb.com/title/tt1622979/,movie,5.9,92,2011,"Horror, Thriller",123451,2011-08-04,Steven Quale
tt16259786,7,2021-12-27,Jimmy Carr: His Dark Material,https://www.imdb.com/title/tt16259786/,tvSpecial,7.1,59,2021,Comedy,5808,2021-12-25,"Amanda Baker, Brian Klein"
tt16315948,8,2022-11-04,Klondaik,https://www.imdb.com/title/tt16315948/,movie,6.9,100,2022,"Drama, War",1744,2022-01-21,Maryna Er Gorbach
tt16377920,7,2023-03-12,A House Made of Splinters,https://www.imdb.com/title/tt16377920/,movie,7.2,87,2022,Documentary,1991,2022-01-23,Simon Lereng Wilmont
tt0163978,5,2023-01-11,The Beach,https://www.imdb.com/title/tt0163978/,movie,6.6,119,2000,"Adventure, Drama, Romance, Thriller",250876,2000-02-02,Danny Boyle
tt16435404,5,2022-11-12,O Night Divine,https://www.imdb.com/title/tt16435404/,short,5.8,43,2021,Short,123,2021-12-13,Luca Guadagnino
tt1645170,7,2020-07-09,The Dictator,https://www.imdb.com/title/tt1645170/,movie,6.4,83,2012,Comedy,329318,2012-05-16,Larry Charles
tt16491756,8,2021-12-23,Louis C.K.: Sorry,https://www.imdb.com/title/tt16491756/,tvSpecial,7.7,63,2021,Comedy,3712,2021-12-18,Louis C.K.
tt1653921,7,2022-10-05,Petit tailleur,https://www.imdb.com/title/tt1653921/,short,6.9,44,2010,"Short, Drama, Romance",466,2010-05-20,Louis Garrel
tt1655389,8,2022-09-28,Blonde,https://www.imdb.com/title/tt1655389/,movie,5.5,167,2022,"Drama, History",70135,2022-09-08,Andrew Dominik
tt1655441,5,2023-09-15,The Age of Adaline,https://www.imdb.com/title/tt1655441/,movie,7.2,112,2015,"Drama, Fantasy, Romance",198728,2015-04-08,Lee Toland Krieger
tt1655442,7,2023-03-07,The Artist,https://www.imdb.com/title/tt1655442/,movie,7.9,100,2011,"Comedy, Drama, Romance",247160,2011-05-15,Michel Hazanavicius
tt0166924,7,2021-05-28,Mulholland Dr.,https://www.imdb.com/title/tt0166924/,movie,7.9,147,2001,"Drama, Mystery, Thriller",377763,2001-05-16,David Lynch
tt1675434,8,2019-04-27,Intouchables,https://www.imdb.com/title/tt1675434/,movie,8.5,112,2011,"Biography, Comedy, Drama",911642,2011-09-23,"Olivier Nakache, Éric Toledano"
tt16800226,6,2023-08-31,Diorama,https://www.imdb.com/title/tt16800226/,short,6.9,12,2018,"Documentary, Short",11,2018-05-11,"Zoya Laktionova, Tetiana Kornieieva"
tt0169547,8,2022-01-03,American Beauty,https://www.imdb.com/title/tt0169547/,movie,8.3,122,1999,Drama,1197078,1999-09-08,Sam Mendes
tt16968450,7,2023-10-01,The Wonderful Story of Henry Sugar,https://www.imdb.com/title/tt16968450/,short,7.4,37,2023,"Short, Adventure, Comedy, Drama",51517,2023-09-01,Wes Anderson
tt16969944,5,2023-12-02,Copenhagen Cowboy,https://www.imdb.com/title/tt16969944/,tvSeries,6.8,312,2022,"Crime, Drama, Thriller",5578,2022-09-09,
tt17009710,7,2023-10-17,Anatomie d'une chute,https://www.imdb.com/title/tt17009710/,movie,7.8,151,2023,"Crime, Drama, Thriller",27693,2023-05-21,Justine Triet
tt17045672,6,2022-10-13,The Bright Path,https://www.imdb.com/title/tt17045672/,movie,7.2,56,2022,Documentary,9,2022-04-22,Iryna Riabenka
tt1706620,6,2021-11-21,Snowpiercer,https://www.imdb.com/title/tt1706620/,movie,7.1,126,2013,"Action, Drama, Sci-Fi, Thriller",383407,2013-07-29,Bong Joon Ho
tt17076046,7,2022-12-20,Weird: The Al Yankovic Story,https://www.imdb.com/title/tt17076046/,movie,6.9,108,2022,"Comedy, Crime, Music",36094,2022-09-08,Eric Appel
tt0017136,6,2023-07-09,Metropolis,https://www.imdb.com/title/tt0017136/,movie,8.3,153,1927,"Drama, Sci-Fi",182796,1927-01-10,Fritz Lang
tt1714915,7,2022-11-12,Only Lovers Left Alive,https://www.imdb.com/title/tt1714915/,movie,7.2,123,2013,"Comedy, Drama, Fantasy, Horror, Romance",106632,2013-05-25,Jim Jarmusch
tt0172493,9,2022-09-15,"Girl, Interrupted",https://www.imdb.com/title/tt0172493/,movie,7.3,127,1999,"Biography, Drama",206591,1999-12-08,James Mangold
tt1727824,8,2019-08-14,Bohemian Rhapsody,https://www.imdb.com/title/tt1727824/,movie,7.9,134,2018,"Biography, Drama, Music",577978,2018-10-23,Bryan Singer
tt17351924,6,2023-12-22,Saltburn,https://www.imdb.com/title/tt17351924/,movie,7.2,131,2023,"Comedy, Drama, Thriller",58372,2023-08-31,Emerald Fennell
tt1745787,6,2021-08-26,Plemya,https://www.imdb.com/title/tt1745787/,movie,7.0,126,2014,"Crime, Drama",11846,2014-05-21,Myroslav Slaboshpytskyi
tt1748122,8,2020-11-11,Moonrise Kingdom,https://www.imdb.com/title/tt1748122/,movie,7.8,94,2012,"Adventure, Comedy, Drama, Family, Fantasy, Romance",364051,2012-05-16,Wes Anderson
tt17527468,7,2023-11-16,Bottoms,https://www.imdb.com/title/tt17527468/,movie,6.8,91,2023,Comedy,26964,2023-03-11,Emma Seligman
tt1791528,7,2022-10-29,Inherent Vice,https://www.imdb.com/title/tt1791528/,movie,6.6,148,2014,"Comedy, Crime, Drama, Mystery, Romance",109514,2014-10-04,Paul Thomas Anderson
tt1798709,8,2021-12-25,Her,https://www.imdb.com/title/tt1798709/,movie,8.0,126,2013,"Drama, Romance, Sci-Fi",657042,2013-10-12,Spike Jonze
tt1800241,7,2021-11-15,American Hustle,https://www.imdb.com/title/tt1800241/,movie,7.2,138,2013,"Crime, Drama",496608,2013-12-03,David O. Russell
tt0180093,8,2020-01-14,Requiem for a Dream,https://www.imdb.com/title/tt0180093/,movie,8.3,102,2000,Drama,885238,2000-05-14,Darren Aronofsky
tt0180563,6,2021-10-13,The Body Beautiful,https://www.imdb.com/title/tt0180563/,short,6.3,23,1991,Short,210,1991-07-13,Ngozi Onwurah
tt1813699,8,2023-01-26,The Other Chelsea: A Story from Donetsk,https://www.imdb.com/title/tt1813699/,movie,7.6,89,2010,"Documentary, Drama",184,2010-11-30,Jakob Preuss
tt1822255,8,2019-01-26,Mein bester Feind,https://www.imdb.com/title/tt1822255/,movie,6.7,109,2011,"Comedy, Drama, War",1520,2011-02-16,Wolfgang Murnberger
tt1832363,8,2021-11-03,Good Night,https://www.imdb.com/title/tt1832363/,short,7.5,27,2012,"Short, Drama",93,2012-01-01,Muriel d'Ansembourg
tt0185125,7,2023-10-15,Todo sobre mi madre,https://www.imdb.com/title/tt0185125/,movie,7.8,101,1999,"Comedy, Drama, Romance",101730,1999-04-08,Pedro Almodóvar
tt1853728,8,2020-03-30,Django Unchained,https://www.imdb.com/title/tt1853728/,movie,8.5,165,2012,"Drama, Western",1661064,2012-12-11,Quentin Tarantino
tt0185937,6,2023-08-20,The Blair Witch Project,https://www.imdb.com/title/tt0185937/,movie,6.5,81,1999,"Horror, Mystery",280667,1999-01-25,"Eduardo Sánchez, Daniel Myrick"
tt18816518,7,2023-09-02,Syk pike,https://www.imdb.com/title/tt18816518/,movie,7.1,97,2022,"Drama, Horror",11963,2022-05-22,Kristoffer Borgli
tt1883092,8,2023-12-29,"Unsere Mütter, unsere Väter",https://www.imdb.com/title/tt1883092/,tvMiniSeries,8.4,270,2013,"Action, Drama, History, War",32068,2013-03-01,
tt18925334,8,2023-01-17,Pearl,https://www.imdb.com/title/tt18925334/,movie,7.0,103,2022,"Drama, Horror, Thriller",84969,2022-09-03,Ti West
tt18933614,6,2023-08-22,Kolyshni,https://www.imdb.com/title/tt18933614/,short,,11,2016,"Documentary, Short",,2016-03-31,"Olena Moskalchuk, Dmytro Burko"
tt1901040,4,2021-07-25,Wrong,https://www.imdb.com/title/tt1901040/,movie,6.2,94,2012,"Comedy, Mystery",10398,2012-01-21,Quentin Dupieux
tt1921064,5,2019-04-16,Pompeii,https://www.imdb.com/title/tt1921064/,movie,5.5,105,2014,"Action, Adventure, Drama, History, Romance",115573,2014-02-18,Paul W.S. Anderson
tt1927035,3,2023-08-21,ToyKhtoProyshovKrizVohon,https://www.imdb.com/title/tt1927035/,movie,6.9,110,2011,"Adventure, Biography, Drama",1509,2011-09-21,Mykhailo Illienko
tt1935897,6,2019-12-22,Amityville: The Awakening,https://www.imdb.com/title/tt1935897/,movie,4.8,87,2017,"Horror, Thriller",15300,2017-06-29,Franck Khalfoun
tt1937390,8,2021-05-09,Nymphomaniac: Vol. I,https://www.imdb.com/title/tt1937390/,movie,6.9,117,2013,Drama,130030,2013-12-25,Lars von Trier
tt1954701,7,2023-12-30,Oh Boy,https://www.imdb.com/title/tt1954701/,movie,7.3,86,2012,"Comedy, Drama",17346,2012-07-03,Jan-Ole Gerster
tt0195658,7,2022-12-10,The Doors: Live at the Hollywood Bowl,https://www.imdb.com/title/tt0195658/,video,8.2,71,1987,"Documentary, Music",1033,1987-12-31,Ray Manzarek
tt0195714,5,2019-08-16,Final Destination,https://www.imdb.com/title/tt0195714/,movie,6.7,98,2000,"Horror, Thriller",274975,2000-03-16,James Wong
tt0019611,5,2021-04-28,Zvenigora,https://www.imdb.com/title/tt0019611/,movie,7.1,68,1928,"Drama, Fantasy",1138,1928-03-07,Aleksandr Dovzhenko
tt1974419,9,2022-03-10,The Neon Demon,https://www.imdb.com/title/tt1974419/,movie,6.1,117,2016,"Horror, Thriller",102603,2016-05-20,Nicolas Winding Refn
tt0019760,7,2021-01-04,Chelovek s kino-apparatom,https://www.imdb.com/title/tt0019760/,movie,8.3,68,1929,Documentary,27486,1929-01-08,Dziga Vertov
tt19770238,8,2023-01-01,Aftersun,https://www.imdb.com/title/tt19770238/,movie,7.7,102,2022,Drama,82131,2022-05-21,Charlotte Wells
tt19783714,8,2023-04-18,"Luxembourg, Luxembourg",https://www.imdb.com/title/tt19783714/,movie,8.0,105,2022,Comedy,3281,2022-09-06,Antonio Lukich
tt19885626,7,2022-09-03,Ricky Gervais: SuperNature,https://www.imdb.com/title/tt19885626/,tvSpecial,7.6,64,2022,Comedy,22242,2022-05-24,John L. Spencer
tt0203009,7,2023-06-21,Moulin Rouge!,https://www.imdb.com/title/tt0203009/,movie,7.6,127,2001,"Drama, Musical, Romance",296397,2001-05-09,Baz Luhrmann
tt0020530,7,2023-08-26,Un chien andalou,https://www.imdb.com/title/tt0020530/,short,7.6,16,1929,"Short, Fantasy, Horror",53103,1929-06-06,Luis Buñuel
tt2056771,6,2021-08-28,A Bigger Splash,https://www.imdb.com/title/tt2056771/,movie,6.4,125,2015,"Drama, Music, Thriller",32246,2015-09-06,Luca Guadagnino
tt2066051,8,2019-08-14,Rocketman,https://www.imdb.com/title/tt2066051/,movie,7.3,121,2019,"Biography, Drama, Music, Musical",190429,2019-05-16,Dexter Fletcher
tt20696796,8,2022-12-15,Fortress Mariupol. Orest,https://www.imdb.com/title/tt20696796/,short,8.9,18,2022,"Documentary, Short",12,2022-05-28,Yuliia Hontaruk
tt2084970,8,2018-10-12,The Imitation Game,https://www.imdb.com/title/tt2084970/,movie,8.0,114,2014,"Biography, Drama, Thriller, War",812685,2014-08-29,Morten Tyldum
tt0209144,8,2020-07-23,Memento,https://www.imdb.com/title/tt0209144/,movie,8.4,113,2000,"Mystery, Thriller",1302366,2000-09-05,Christopher Nolan
tt2095825,7,2021-10-27,What She Wants,https://www.imdb.com/title/tt2095825/,short,6.6,5,1995,"Animation, Short",34,1995-07-05,Ruth Lingford
tt2112999,8,2021-08-29,Louis C.K.: Live at the Beacon Theater,https://www.imdb.com/title/tt2112999/,tvSpecial,8.3,63,2011,Comedy,10224,2011-12-08,Louis C.K.
tt0211387,5,2022-09-29,Gouttes d'eau sur pierres brûlantes,https://www.imdb.com/title/tt0211387/,movie,6.7,82,2000,"Comedy, Drama, Romance",6850,2000-02-13,François Ozon
tt0211915,8,2021-12-22,Le fabuleux destin d'Amélie Poulain,https://www.imdb.com/title/tt0211915/,movie,8.3,122,2001,"Comedy, Romance",785392,2001-04-25,Jean-Pierre Jeunet
tt21232992,6,2023-11-20,Theater Camp,https://www.imdb.com/title/tt21232992/,movie,7.0,92,2023,Comedy,12964,2023-01-21,"Molly Gordon, Nick Lieberman"
tt0021375,7,2020-12-11,Entuziazm (Simfoniya Donbassa),https://www.imdb.com/title/tt0021375/,movie,6.8,67,1930,Documentary,1023,1930-11-06,Dziga Vertov
tt2137702,6,2022-11-17,Kiyevskiye freski,https://www.imdb.com/title/tt2137702/,short,6.4,13,1966,"Short, Drama",345,1966-05-09,Sergei Parajanov
tt0021571,7,2020-11-09,Zemlya,https://www.imdb.com/title/tt0021571/,movie,7.2,75,1930,Drama,6290,1930-04-08,Aleksandr Dovzhenko
tt21619422,5,2022-11-25,Remember the Smell of Mariupol,https://www.imdb.com/title/tt21619422/,video,,5,2022,"Documentary, Short",,2022-06-25,Zoya Laktionova
tt21819228,6,2022-11-18,Stutz,https://www.imdb.com/title/tt21819228/,movie,7.8,96,2022,Documentary,17090,2022-11-14,Jonah Hill
tt21990148,8,2022-10-12,Peacekeepers. First Mission,https://www.imdb.com/title/tt21990148/,movie,,70,2022,Documentary,,2022-10-05,"Valentyna Okhlopkova, Miroslav Gai"
tt21990240,7,2022-10-04,ADA,https://www.imdb.com/title/tt21990240/,movie,8.2,92,2022,Documentary,6,2022-04-04,Alina Matochkina
tt22041854,7,2023-12-18,Priscilla,https://www.imdb.com/title/tt22041854/,movie,6.8,113,2023,"Biography, Drama, Music, Romance",11703,2023-09-04,Sofia Coppola
tt22080044,7,2023-11-24,Golden leggings,https://www.imdb.com/title/tt22080044/,short,8.9,20,2022,Short,25,2022-10-19,Arkadiy Nepytaliuk
tt22090720,7,2023-11-29,Guests from Kharkiv,https://www.imdb.com/title/tt22090720/,movie,,20,2023,Documentary,,2023-05-01,Halyna Lavrynets
tt2209418,7,2023-04-11,Before Midnight,https://www.imdb.com/title/tt2209418/,movie,7.9,109,2013,"Drama, Romance",169600,2013-01-20,Richard Linklater
tt0022100,7,2023-12-31,M - Eine Stadt sucht einen Mörder,https://www.imdb.com/title/tt0022100/,movie,8.3,117,1931,"Crime, Mystery, Thriller",166126,1931-05-11,Fritz Lang
tt2235759,8,2022-03-29,The Great,https://www.imdb.com/title/tt2235759/,tvSeries,8.2,1594,2020,"Biography, Comedy, Drama, History",52649,2020-05-14,
tt22643762,6,2023-11-29,Kharkiv Music Fest Did Happen,https://www.imdb.com/title/tt22643762/,short,,11,2022,Short,,2022-11-05,Vyacheslav Turyanytsya
tt0226590,6,2023-06-04,Vesnoy,https://www.imdb.com/title/tt0226590/,movie,7.6,79,1929,Documentary,207,1929-08-27,Mikhail Kaufman
tt2267998,7,2022-11-26,Gone Girl,https://www.imdb.com/title/tt2267998/,movie,8.1,149,2014,"Drama, Mystery, Thriller",1046533,2014-09-26,David Fincher
tt22687790,7,2023-12-13,A Haunting in Venice,https://www.imdb.com/title/tt22687790/,movie,6.5,103,2023,"Crime, Drama, Horror, Mystery, Thriller",90346,2023-09-13,Kenneth Branagh
tt2278388,8,2019-06-06,The Grand Budapest Hotel,https://www.imdb.com/title/tt2278388/,movie,8.1,99,2014,"Adventure, Comedy, Crime",870773,2014-02-06,Wes Anderson
tt2278871,7,2022-10-08,La vie d'Adèle,https://www.imdb.com/title/tt2278871/,movie,7.7,180,2013,"Drama, Romance",160996,2013-05-23,Abdellatif Kechiche
tt2283362,7,2019-04-16,Jumanji: Welcome to the Jungle,https://www.imdb.com/title/tt2283362/,movie,6.9,119,2017,"Action, Adventure, Comedy, Fantasy",413869,2017-12-05,Jake Kasdan
tt0230600,7,2022-09-20,The Others,https://www.imdb.com/title/tt0230600/,movie,7.6,101,2001,"Horror, Mystery, Thriller",387856,2001-08-02,Alejandro Amenábar
tt2316411,6,2023-06-20,Enemy,https://www.imdb.com/title/tt2316411/,movie,6.9,91,2013,"Drama, Mystery, Thriller",209705,2013-09-08,Denis Villeneuve
tt2334873,7,2023-04-28,Blue Jasmine,https://www.imdb.com/title/tt2334873/,movie,7.3,98,2013,"Comedy, Drama, Romance",210997,2013-07-22,Woody Allen
tt0023458,5,2023-02-27,Shanghai Express,https://www.imdb.com/title/tt0023458/,movie,7.3,82,1932,"Adventure, Drama, Film-Noir, Romance",10110,1932-02-04,Josef von Sternberg
tt2347569,8,2022-09-08,Frances Ha,https://www.imdb.com/title/tt2347569/,movie,7.4,86,2012,"Comedy, Drama, Romance",92129,2012-09-01,Noah Baumbach
tt2358891,6,2023-09-03,La grande bellezza,https://www.imdb.com/title/tt2358891/,movie,7.7,141,2013,Drama,96308,2013-05-21,Paolo Sorrentino
tt0236640,7,2022-12-27,Prozac Nation,https://www.imdb.com/title/tt0236640/,movie,6.2,95,2001,"Biography, Drama, Romance",18849,2001-09-08,Erik Skjoldbjærg
tt2370248,9,2023-12-03,Short Term 12,https://www.imdb.com/title/tt2370248/,movie,7.9,96,2013,Drama,91084,2013-03-10,Destin Daniel Cretton
tt23747634,4,2023-11-29,Not the Last Day,https://www.imdb.com/title/tt23747634/,short,8.8,12,2022,"Short, Drama",10,2022-11-11,Eugene Slupchuk
tt2381111,6,2023-04-14,Brooklyn,https://www.imdb.com/title/tt2381111/,movie,7.5,117,2015,"Drama, Romance",148579,2015-01-26,John Crowley
tt2382009,7,2021-07-24,Nymphomaniac: Vol. II,https://www.imdb.com/title/tt2382009/,movie,6.6,124,2013,Drama,97085,2013-12-25,Lars von Trier
tt2398149,7,2022-02-05,J'accuse,https://www.imdb.com/title/tt2398149/,movie,7.2,132,2019,"Drama, History, Thriller",20625,2019-08-30,Roman Polanski
tt2401878,6,2021-12-24,Anomalisa,https://www.imdb.com/title/tt2401878/,movie,7.2,90,2015,"Animation, Comedy, Drama, Romance",74665,2015-09-04,"Charlie Kaufman, Duke Johnson"
tt2402927,7,2023-09-12,Carol,https://www.imdb.com/title/tt2402927/,movie,7.2,118,2015,"Drama, Romance",140051,2015-05-17,Todd Haynes
tt24068064,7,2023-08-18,Reality,https://www.imdb.com/title/tt24068064/,movie,6.7,83,2023,Drama,15229,2023-02-18,Tina Satter
tt24082438,9,2023-09-02,20 Days in Mariupol,https://www.imdb.com/title/tt24082438/,movie,8.7,95,2023,"Documentary, War",2102,2023-01-20,Mstyslav Chernov
tt0244109,5,2023-03-04,Sud narodov,https://www.imdb.com/title/tt0244109/,movie,6.5,58,1946,"Documentary, War",143,1946-11-30,"Roman Karmen, Elizaveta Svilova"
tt0245574,6,2023-07-20,Y tu mamá también,https://www.imdb.com/title/tt0245574/,movie,7.7,106,2001,Drama,127864,2001-06-08,Alfonso Cuarón
tt0246578,7,2021-06-25,Donnie Darko,https://www.imdb.com/title/tt0246578/,movie,8.0,113,2001,"Drama, Mystery, Sci-Fi, Thriller",838526,2001-01-19,Richard Kelly
tt2479800,7,2023-08-19,Palo Alto,https://www.imdb.com/title/tt2479800/,movie,6.2,100,2013,Drama,30820,2013-08-29,Gia Coppola
tt2481498,7,2019-12-22,"Extremely Wicked, Shockingly Evil and Vile",https://www.imdb.com/title/tt2481498/,movie,6.7,110,2019,"Biography, Crime, Drama, Thriller",100684,2019-01-26,Joe Berlinger
tt0250494,7,2023-09-15,Legally Blonde,https://www.imdb.com/title/tt0250494/,movie,6.5,96,2001,"Comedy, Romance",241156,2001-06-26,Robert Luketic
tt2511670,7,2022-01-27,La jalousie,https://www.imdb.com/title/tt2511670/,movie,6.4,77,2013,Drama,1945,2013-09-05,Philippe Garrel
tt0253474,7,2021-12-28,The Pianist,https://www.imdb.com/title/tt0253474/,movie,8.5,150,2002,"Biography, Drama, Music, War",893030,2002-05-24,Roman Polanski
tt2543472,7,2020-08-19,Wonder,https://www.imdb.com/title/tt2543472/,movie,7.9,113,2017,"Drama, Family",175361,2017-11-14,Stephen Chbosky
tt0254686,8,2021-07-22,La pianiste,https://www.imdb.com/title/tt0254686/,movie,7.5,131,2001,"Drama, Music",70144,2001-05-14,Michael Haneke
tt2562232,7,2022-08-19,Birdman or (The Unexpected Virtue of Ignorance),https://www.imdb.com/title/tt2562232/,movie,7.7,119,2014,"Comedy, Drama",658416,2014-08-27,Alejandro G. Iñárritu
tt2582496,7,2023-07-21,Me and Earl and the Dying Girl,https://www.imdb.com/title/tt2582496/,movie,7.7,105,2015,"Comedy, Drama, Romance",136998,2015-01-25,Alfonso Gomez-Rejon
tt2582782,7,2020-11-13,Hell or High Water,https://www.imdb.com/title/tt2582782/,movie,7.6,102,2016,"Crime, Drama, Thriller, Western",247488,2016-05-16,David Mackenzie
tt2582802,8,2021-05-08,Whiplash,https://www.imdb.com/title/tt2582802/,movie,8.5,106,2014,"Drama, Music",956612,2014-01-16,Damien Chazelle
tt2584384,7,2020-02-01,Jojo Rabbit,https://www.imdb.com/title/tt2584384/,movie,7.9,108,2019,"Comedy, Drama, War",430062,2019-09-08,Taika Waititi
tt0025878,7,2021-05-08,The Thin Man,https://www.imdb.com/title/tt0025878/,movie,7.9,91,1934,"Comedy, Crime, Mystery, Romance",32108,1934-05-25,W.S. Van Dyke
tt26229698,7,2023-03-22,It's a Date,https://www.imdb.com/title/tt26229698/,short,6.4,6,2023,Short,69,2023-02-19,Nadia Parfan
tt26370496,3,2023-09-06,Siori,https://www.imdb.com/title/tt26370496/,short,5.4,17,2022,Short,5,2022-05-31,Kiril Zharovski
tt2640474,8,2019-12-23,La casa del fin de los tiempos,https://www.imdb.com/title/tt2640474/,movie,6.7,101,2013,"Drama, Fantasy, Horror, Mystery, Sci-Fi, Thriller",7828,2013-06-17,Alejandro Hidalgo
tt0265666,7,2021-01-05,The Royal Tenenbaums,https://www.imdb.com/title/tt0265666/,movie,7.6,110,2001,"Comedy, Drama",309649,2001-10-05,Wes Anderson
tt26598133,7,2023-10-18,Louis C.K.: Back to the Garden,https://www.imdb.com/title/tt26598133/,tvSpecial,7.6,70,2023,Comedy,684,2023-01-28,
tt26612950,7,2023-12-12,Das Lehrerzimmer,https://www.imdb.com/title/tt26612950/,movie,7.5,98,2023,Drama,3213,2023-02-18,Ilker Çatak
tt0266697,8,2019-12-30,Kill Bill: Vol. 1,https://www.imdb.com/title/tt0266697/,movie,8.2,111,2003,"Action, Crime, Thriller",1172796,2003-09-29,Quentin Tarantino
tt2704998,7,2019-04-26,Game Night,https://www.imdb.com/title/tt2704998/,movie,6.9,100,2018,"Action, Adventure, Comedy, Crime, Thriller",251778,2018-02-15,"Jonathan Goldstein, John Francis Daley"
tt2718492,7,2021-12-24,Ida,https://www.imdb.com/title/tt2718492/,movie,7.4,82,2013,Drama,60141,2013-08-30,Pawel Pawlikowski
tt27194086,8,2023-03-22,Dovecotes of Kyiv,https://www.imdb.com/title/tt27194086/,short,7.2,10,2023,"Documentary, Short",13,2023-03-09,Mikhail Volkov
tt0274558,6,2023-12-11,The Hours,https://www.imdb.com/title/tt0274558/,movie,7.5,110,2002,"Drama, Romance",137378,2002-12-15,Stephen Daldry
tt0274812,6,2022-11-25,Secretary,https://www.imdb.com/title/tt0274812/,movie,6.9,107,2002,"Comedy, Drama, Romance",97046,2002-01-11,Steven Shainberg
tt2752200,7,2021-12-29,Jeune et Jolie,https://www.imdb.com/title/tt2752200/,movie,6.7,95,2013,"Drama, Romance",37761,2013-05-16,François Ozon
tt27611321,5,2023-11-29,As It Was,https://www.imdb.com/title/tt27611321/,short,6.4,15,2023,"Short, Drama",18,2023-05-26,"Anastasiia Solonevych, Damian Kocur"
tt27656520,7,2023-06-06,Chornobyl 22,https://www.imdb.com/title/tt27656520/,short,8.2,22,2023,"Documentary, Short",23,2023-04-30,Oleksiy Radynski
tt27679665,6,2023-08-19,Frankie Boyle's Farewell to the Monarchy,https://www.imdb.com/title/tt27679665/,tvSpecial,6.7,45,2023,"Documentary, Comedy",58,2023-04-29,Ross Wilson
tt0276919,6,2022-09-24,Dogville,https://www.imdb.com/title/tt0276919/,movie,8.0,178,2003,"Crime, Drama",156676,2003-05-19,Lars von Trier
tt28240284,7,2023-11-14,To End All War: Oppenheimer & the Atomic Bomb,https://www.imdb.com/title/tt28240284/,movie,7.4,87,2023,Documentary,2199,2023-07-09,Christopher Cassel
tt0283832,7,2022-01-22,8 femmes,https://www.imdb.com/title/tt0283832/,movie,7.0,111,2002,"Comedy, Crime, Musical, Romance",34000,2002-01-08,François Ozon
tt2870648,7,2023-08-09,Amy,https://www.imdb.com/title/tt2870648/,movie,7.8,128,2015,"Documentary, Biography, Music",54296,2015-05-16,Asif Kapadia
tt2871482,6,2020-04-01,Khaytarma,https://www.imdb.com/title/tt2871482/,movie,7.2,89,2013,"Drama, History, War",815,2013-05-18,Akhtem Seitablaev
tt2872462,6,2023-03-21,Mistress America,https://www.imdb.com/title/tt2872462/,movie,6.7,84,2015,"Comedy, Drama",28421,2015-01-24,Noah Baumbach
tt2872718,8,2021-04-03,Nightcrawler,https://www.imdb.com/title/tt2872718/,movie,7.8,117,2014,"Crime, Drama, Thriller",592401,2014-09-05,Dan Gilroy
tt28912758,7,2023-10-11,The Swan,https://www.imdb.com/title/tt28912758/,short,6.8,17,2023,"Short, Comedy",15449,2023-09-28,Wes Anderson
tt28912858,6,2023-10-11,The Rat Catcher,https://www.imdb.com/title/tt28912858/,short,6.5,17,2023,"Short, Comedy",15215,2023-09-29,Wes Anderson
tt28912885,7,2023-11-05,Poison,https://www.imdb.com/title/tt28912885/,short,6.8,17,2023,"Short, Comedy, Thriller",16555,2023-09-30,Wes Anderson
tt0290673,7,2020-06-22,Irréversible,https://www.imdb.com/title/tt0290673/,movie,7.3,97,2002,"Crime, Drama, Mystery, Thriller",145114,2002-05-22,Gaspar Noé
tt2932536,6,2019-08-13,47 Meters Down,https://www.imdb.com/title/tt2932536/,movie,5.6,89,2017,"Horror, Mystery, Thriller",60180,2017-05-25,Johannes Roberts
tt29420686,8,2023-12-21,1670,https://www.imdb.com/title/tt29420686/,tvSeries,8.0,30,2023,"Comedy, History",2756,2023-12-13,
tt2948372,8,2021-02-09,Soul,https://www.imdb.com/title/tt2948372/,movie,8.0,100,2020,"Animation, Adventure, Comedy, Drama, Family, Fantasy, Music",366724,2020-10-11,"Pete Docter, Kemp Powers"
tt2953762,8,2023-08-12,"Já, Olga Hepnarová",https://www.imdb.com/title/tt2953762/,movie,6.6,105,2016,"Biography, Crime, Drama, Thriller",2688,2016-02-11,"Tomás Weinreb, Petr Kazda"
tt29579783,7,2023-10-26,Najkrajsí kút v sírom svete,https://www.imdb.com/title/tt29579783/,short,,25,2022,Short,,,Robert Mihály
tt29579823,6,2023-10-26,Homeward,https://www.imdb.com/title/tt29579823/,short,,11,2023,Short,,2023-10-09,Olexi Chubun
tt29579830,7,2023-10-26,"Anita, gomshodeh dar akhbar",https://www.imdb.com/title/tt29579830/,short,,15,2023,Short,,2023-10-09,Behzad Nalbandi
tt29579836,7,2023-10-26,Pitch Black,https://www.imdb.com/title/tt29579836/,short,,17,2023,Short,,2023-10-09,Guillym Davenport
tt29579840,7,2023-10-29,Amour microscopique,https://www.imdb.com/title/tt29579840/,short,,13,2023,Short,,2023-10-09,Emilien Dubuc
tt0297884,7,2023-09-30,Far from Heaven,https://www.imdb.com/title/tt0297884/,movie,7.3,107,2002,"Drama, Romance",48699,2002-09-02,Todd Haynes
tt0299658,7,2023-08-14,Chicago,https://www.imdb.com/title/tt0299658/,movie,7.2,113,2002,"Comedy, Crime, Musical",240471,2002-12-10,Rob Marshall
tt0301357,7,2023-03-09,Good Bye Lenin!,https://www.imdb.com/title/tt0301357/,movie,7.7,121,2003,"Comedy, Drama, Romance",151374,2003-02-09,Wolfgang Becker
tt3020758,6,2022-11-17,Stozhary,https://www.imdb.com/title/tt3020758/,short,6.1,30,1939,"Short, Drama",12,1939-12-31,Ivan Kavaleridze
tt0304415,6,2023-10-13,Mona Lisa Smile,https://www.imdb.com/title/tt0304415/,movie,6.5,117,2003,Drama,89056,2003-12-19,Mike Newell
tt0309593,6,2019-08-15,Final Destination 2,https://www.imdb.com/title/tt0309593/,movie,6.2,90,2003,"Horror, Thriller",179359,2003-01-30,David R. Ellis
tt0309987,7,2020-12-10,The Dreamers,https://www.imdb.com/title/tt0309987/,movie,7.1,115,2003,"Drama, Romance",129236,2003-09-01,Bernardo Bertolucci
tt3101130,5,2022-06-24,Tan atqanda qaytmaq,https://www.imdb.com/title/tt3101130/,short,7.2,19,2014,"Short, Drama, Family",24,2014-07-16,Nariman Aliev
tt0031381,8,2023-12-09,Gone with the Wind,https://www.imdb.com/title/tt0031381/,movie,8.2,238,1939,"Drama, Romance, War",329784,1939-12-15,"Sam Wood, George Cukor, Victor Fleming"
tt3210258,7,2021-07-25,Bo Burnham: what.,https://www.imdb.com/title/tt3210258/,tvSpecial,8.3,60,2013,"Comedy, Music",12834,2013-12-16,"Christopher Storer, Bo Burnham"
tt3228774,6,2021-07-20,Cruella,https://www.imdb.com/title/tt3228774/,movie,7.3,134,2021,"Adventure, Comedy, Crime, Drama",258872,2021-05-18,Craig Gillespie
tt0323279,5,2022-09-22,Molytva za hetmana Mazepu,https://www.imdb.com/title/tt0323279/,movie,5.4,152,2002,"Drama, History",229,2002-02-15,Yuri Ilyenko
tt3235888,6,2023-08-15,It Follows,https://www.imdb.com/title/tt3235888/,movie,6.8,100,2014,"Horror, Mystery, Thriller",263798,2014-05-17,David Robert Mitchell
tt0032553,8,2022-12-16,The Great Dictator,https://www.imdb.com/title/tt0032553/,movie,8.4,125,1940,"Comedy, Drama, War",234434,1940-10-15,Charles Chaplin
tt3281548,9,2022-01-27,Little Women,https://www.imdb.com/title/tt3281548/,movie,7.8,135,2019,"Drama, Romance",235420,2019-12-07,Greta Gerwig
tt0032904,6,2023-07-16,The Philadelphia Story,https://www.imdb.com/title/tt0032904/,movie,7.9,112,1940,"Comedy, Romance",72906,1940-12-05,George Cukor
tt0332280,5,2023-07-31,The Notebook,https://www.imdb.com/title/tt0332280/,movie,7.8,123,2004,"Drama, Romance",606952,2004-05-20,Nick Cassavetes
tt0335266,7,2021-08-27,Lost in Translation,https://www.imdb.com/title/tt0335266/,movie,7.7,102,2003,"Comedy, Drama",481124,2003-08-29,Sofia Coppola
tt3376850,6,2022-03-07,Richard Herring: Hitler Moustache,https://www.imdb.com/title/tt3376850/,video,7.7,120,2010,Comedy,57,2010-10-25,Chris Evans
tt0338013,6,2020-01-18,Eternal Sunshine of the Spotless Mind,https://www.imdb.com/title/tt0338013/,movie,8.3,108,2004,"Drama, Romance, Sci-Fi",1059204,2004-03-09,Michel Gondry
tt0338751,6,2022-09-07,The Aviator,https://www.imdb.com/title/tt0338751/,movie,7.5,170,2004,"Biography, Drama",379710,2004-12-14,Martin Scorsese
tt3402236,7,2021-08-09,Murder on the Orient Express,https://www.imdb.com/title/tt3402236/,movie,6.5,114,2017,"Crime, Drama, Mystery",286635,2017-11-03,Kenneth Branagh
tt3416536,2,2023-01-23,Hot Summer Nights,https://www.imdb.com/title/tt3416536/,movie,6.4,107,2017,"Crime, Drama, Romance",22682,2017-03-13,Elijah Bynum
tt3416742,7,2020-04-04,What We Do in the Shadows,https://www.imdb.com/title/tt3416742/,movie,7.6,86,2014,"Comedy, Horror",196915,2014-01-19,"Taika Waititi, Jemaine Clement"
tt0034583,7,2022-10-01,Casablanca,https://www.imdb.com/title/tt0034583/,movie,8.5,102,1942,"Drama, Romance, War",598002,1942-11-26,Michael Curtiz
tt3460252,7,2020-01-08,The Hateful Eight,https://www.imdb.com/title/tt3460252/,movie,7.8,168,2015,"Crime, Drama, Mystery, Thriller, Western",646782,2015-12-07,Quentin Tarantino
tt3464902,7,2022-01-25,The Lobster,https://www.imdb.com/title/tt3464902/,movie,7.1,119,2015,"Drama, Romance, Sci-Fi, Thriller",281637,2015-05-15,Yorgos Lanthimos
tt3511734,5,2022-01-25,Khlib,https://www.imdb.com/title/tt3511734/,movie,6.7,45,1930,Drama,89,1930-03-04,Mykola Shpykovskyi
tt3544112,7,2019-01-19,Sing Street,https://www.imdb.com/title/tt3544112/,movie,7.9,106,2016,"Comedy, Drama, Music, Romance",99734,2016-01-24,John Carney
tt3553976,7,2022-03-18,Captain Fantastic,https://www.imdb.com/title/tt3553976/,movie,7.8,118,2016,"Comedy, Drama",231397,2016-01-23,Matt Ross
tt0356910,7,2022-09-17,Mr. & Mrs. Smith,https://www.imdb.com/title/tt0356910/,movie,6.5,120,2005,"Action, Comedy, Crime, Thriller",529401,2005-06-07,Doug Liman
tt3581652,4,2023-08-29,West Side Story,https://www.imdb.com/title/tt3581652/,movie,7.1,156,2021,"Crime, Drama, Musical, Romance",93118,2021-11-29,Steven Spielberg
tt3581932,7,2023-12-17,And Then There Were None,https://www.imdb.com/title/tt3581932/,tvMiniSeries,7.8,172,2015,"Crime, Drama, Mystery, Thriller",42902,2015-05-07,
tt0359950,6,2020-08-19,The Secret Life of Walter Mitty,https://www.imdb.com/title/tt0359950/,movie,7.3,114,2013,"Adventure, Comedy, Drama, Fantasy, Romance",335321,2013-10-05,Ben Stiller
tt0036154,7,2021-09-16,Meshes of the Afternoon,https://www.imdb.com/title/tt0036154/,short,7.8,14,1943,"Short, Fantasy, Mystery",14883,1943-12-31,"Alexander Hammid, Maya Deren"
tt0361748,9,2019-12-25,Inglourious Basterds,https://www.imdb.com/title/tt0361748/,movie,8.4,153,2009,"Adventure, Drama, War",1550342,2009-05-20,Quentin Tarantino
tt3622110,5,2019-12-30,Don't Knock Twice,https://www.imdb.com/title/tt3622110/,movie,5.1,93,2016,"Drama, Fantasy, Horror, Mystery, Thriller",14750,2016-09-22,Caradog W. James
tt0363163,8,2022-04-01,Der Untergang,https://www.imdb.com/title/tt0363163/,movie,8.2,156,2004,"Biography, Drama, History, War",370467,2004-09-08,Oliver Hirschbiegel
tt3654964,7,2021-12-23,Art and Craft,https://www.imdb.com/title/tt3654964/,movie,7.1,89,2014,Documentary,1775,2014-04-17,"Sam Cullman, Mark Becker, Jennifer Grausman"
tt3704428,8,2022-06-30,Elvis,https://www.imdb.com/title/tt3704428/,movie,7.3,159,2022,"Biography, Drama, Music",222854,2022-05-25,Baz Luhrmann
tt3716530,5,2023-07-22,Elle,https://www.imdb.com/title/tt3716530/,movie,7.1,130,2016,"Crime, Drama, Thriller",70304,2016-05-21,Paul Verhoeven
tt3721936,6,2023-08-06,American Honey,https://www.imdb.com/title/tt3721936/,movie,7.0,163,2016,"Adventure, Drama, Romance",45851,2016-05-15,Andrea Arnold
tt0374900,5,2023-05-26,Napoleon Dynamite,https://www.imdb.com/title/tt0374900/,movie,7.0,96,2004,Comedy,233840,2004-01-17,Jared Hess
tt0376541,7,2022-02-11,Closer,https://www.imdb.com/title/tt0376541/,movie,7.2,104,2004,"Drama, Romance",233190,2004-11-22,Mike Nichols
tt3774694,7,2021-08-25,Love,https://www.imdb.com/title/tt3774694/,movie,6.1,135,2015,"Drama, Romance",65282,2015-05-20,Gaspar Noé
tt3781118,8,2022-02-21,Nosorih,https://www.imdb.com/title/tt3781118/,movie,6.6,101,2021,"Action, Crime, Drama",1889,2021-09-09,Oleh Sentsov
tt0378194,7,2020-01-01,Kill Bill: Vol. 2,https://www.imdb.com/title/tt0378194/,movie,8.0,137,2004,"Action, Crime, Thriller",792854,2004-04-08,Quentin Tarantino
tt3783958,8,2021-01-09,La La Land,https://www.imdb.com/title/tt3783958/,movie,8.0,128,2016,"Comedy, Drama, Music, Musical, Romance",647749,2016-08-31,Damien Chazelle
tt3799694,7,2023-07-30,The Nice Guys,https://www.imdb.com/title/tt3799694/,movie,7.4,116,2016,"Action, Comedy, Crime, Thriller",362626,2016-05-10,Shane Black
tt0381681,7,2023-04-10,Before Sunset,https://www.imdb.com/title/tt0381681/,movie,8.1,80,2004,"Drama, Romance",283067,2004-02-10,Richard Linklater
tt3824458,7,2023-09-26,Tangerine,https://www.imdb.com/title/tt3824458/,movie,7.1,88,2015,"Comedy, Crime, Drama",35049,2015-01-23,Sean Baker
tt0382932,8,2023-11-27,Ratatouille,https://www.imdb.com/title/tt0382932/,movie,8.1,111,2007,"Animation, Adventure, Comedy, Family, Fantasy",803303,2007-06-22,"Brad Bird, Jan Pinkava"
tt0038650,8,2019-12-27,It's a Wonderful Life,https://www.imdb.com/title/tt0038650/,movie,8.6,130,1946,"Drama, Family, Fantasy, Romance",491225,1946-12-20,Frank Capra
tt3877674,5,2023-09-04,Mænd & høns,https://www.imdb.com/title/tt3877674/,movie,6.7,104,2015,"Comedy, Drama, Mystery, Sci-Fi",14230,2015-02-05,Anders Thomas Jensen
tt0389557,7,2023-08-08,Zwartboek,https://www.imdb.com/title/tt0389557/,movie,7.7,145,2006,"Drama, Thriller, War",79802,2006-09-01,Paul Verhoeven
tt0390384,3,2020-10-19,Primer,https://www.imdb.com/title/tt0390384/,movie,6.7,77,2004,"Drama, Sci-Fi, Thriller",112773,2004-01-16,Shane Carruth
tt3906082,6,2023-10-08,Mary Shelley,https://www.imdb.com/title/tt3906082/,movie,6.4,120,2017,"Biography, Drama, History, Romance",17455,2017-09-09,Haifaa Al-Mansour
tt0039628,7,2019-12-30,Miracle on 34th Street,https://www.imdb.com/title/tt0039628/,movie,7.9,96,1947,"Comedy, Drama, Family",54267,1947-06-04,George Seaton
tt3966404,7,2023-10-20,Mustang,https://www.imdb.com/title/tt3966404/,movie,7.6,97,2015,Drama,40491,2015-05-19,Deniz Gamze Ergüven
tt4016934,7,2023-07-15,Ah-ga-ssi,https://www.imdb.com/title/tt4016934/,movie,8.1,145,2016,"Drama, Romance, Thriller",167086,2016-05-14,Park Chan-wook
tt4034228,6,2021-01-09,Manchester by the Sea,https://www.imdb.com/title/tt4034228/,movie,7.8,137,2016,Drama,305633,2016-01-23,Kenneth Lonergan
tt0404030,6,2022-08-16,Everything Is Illuminated,https://www.imdb.com/title/tt0404030/,movie,7.4,106,2005,"Comedy, Drama",59608,2005-09-03,Liev Schreiber
tt0040725,6,2023-08-25,The Red Shoes,https://www.imdb.com/title/tt0040725/,movie,8.1,135,1948,"Drama, Music, Romance",38341,1948-07-22,"Michael Powell, Emeric Pressburger"
tt0407827,7,2023-11-28,The Globalisation Tapes,https://www.imdb.com/title/tt0407827/,video,7.6,71,2003,Documentary,76,2003-12-31,"Muntoha, Anar, Basir, Mirza, Misnan, Christine Cynn, Karman, Joshua Oppenheimer, Hayati, Jumiati, Erman, Kirman"
tt0407887,7,2023-01-13,The Departed,https://www.imdb.com/title/tt0407887/,movie,8.5,151,2006,"Crime, Drama, Thriller",1399031,2006-09-26,Martin Scorsese
tt0408120,6,2023-09-10,Príbehy obycejného sílenství,https://www.imdb.com/title/tt0408120/,movie,7.2,100,2005,"Comedy, Drama",1709,2005-02-17,Petr Zelenka
tt4085618,4,2021-08-20,Toloka,https://www.imdb.com/title/tt4085618/,movie,7.1,116,2020,Drama,153,2020-08-20,Mykhailo Illienko
tt0412019,6,2020-07-25,Broken Flowers,https://www.imdb.com/title/tt0412019/,movie,7.1,106,2005,"Comedy, Drama, Mystery, Romance",106066,2005-05-17,Jim Jarmusch
tt0414387,5,2023-06-05,Pride & Prejudice,https://www.imdb.com/title/tt0414387/,movie,7.8,129,2005,"Drama, Romance",322836,2005-07-25,Joe Wright
tt0414982,5,2019-08-16,Final Destination 3,https://www.imdb.com/title/tt0414982/,movie,5.8,93,2006,"Horror, Thriller",151764,2006-02-02,James Wong
tt0414993,6,2023-03-28,The Fountain,https://www.imdb.com/title/tt0414993/,movie,7.2,97,2006,"Drama, Mystery, Romance, Sci-Fi",247034,2006-09-04,Darren Aronofsky
tt4158110,10,2019-01-08,Mr. Robot,https://www.imdb.com/title/tt4158110/,tvSeries,8.5,49,2015,"Crime, Drama, Thriller",411463,2015-03-17,
tt0000417,6,2023-07-06,Le voyage dans la lune,https://www.imdb.com/title/tt0000417/,short,8.2,13,1902,"Short, Action, Adventure, Comedy, Fantasy, Sci-Fi",54542,1902-09-01,Georges Méliès
tt0417189,7,2023-02-04,Le temps qui reste,https://www.imdb.com/title/tt0417189/,movie,7.1,81,2005,Drama,9207,2005-05-16,François Ozon
tt4176826,6,2022-05-22,Er ist wieder da,https://www.imdb.com/title/tt4176826/,movie,7.0,116,2015,"Comedy, Drama, Fantasy",48814,2015-10-08,David Wnendt
tt0421082,8,2021-12-27,Control,https://www.imdb.com/title/tt0421082/,movie,7.6,122,2007,"Biography, Drama, Music",67977,2007-05-17,Anton Corbijn
tt0421715,7,2022-09-18,The Curious Case of Benjamin Button,https://www.imdb.com/title/tt0421715/,movie,7.8,166,2008,"Drama, Fantasy, Romance",685651,2008-12-10,David Fincher
tt0422720,7,2022-03-09,Marie Antoinette,https://www.imdb.com/title/tt0422720/,movie,6.5,123,2006,"Biography, Drama, History, Romance",119357,2006-05-24,Sofia Coppola
tt4263482,7,2021-07-17,The VVitch: A New-England Folktale,https://www.imdb.com/title/tt4263482/,movie,7.0,92,2015,"Drama, Fantasy, Horror, Mystery, Thriller",292534,2015-01-23,Robert Eggers
tt4273800,6,2022-11-26,The Good Nurse,https://www.imdb.com/title/tt4273800/,movie,6.8,121,2022,"Biography, Crime, Drama, Thriller",76763,2022-09-11,Tobias Lindholm
tt0427944,7,2022-06-09,Thank You for Smoking,https://www.imdb.com/title/tt0427944/,movie,7.5,92,2005,"Comedy, Drama",227507,2005-09-09,Jason Reitman
tt0043014,6,2023-11-13,Sunset Blvd.,https://www.imdb.com/title/tt0043014/,movie,8.4,110,1950,"Drama, Film-Noir",233080,1950-08-04,Billy Wilder
tt0432283,7,2023-10-05,Fantastic Mr. Fox,https://www.imdb.com/title/tt0432283/,movie,7.9,87,2009,"Animation, Adventure, Comedy, Crime, Drama, Family",263434,2009-10-14,Wes Anderson
tt4326444,6,2023-09-08,Julieta,https://www.imdb.com/title/tt4326444/,movie,7.1,99,2016,"Drama, Mystery, Romance",33585,2016-04-08,Pedro Almodóvar
tt4364194,7,2022-03-17,The Peanut Butter Falcon,https://www.imdb.com/title/tt4364194/,movie,7.6,97,2019,"Adventure, Comedy, Drama",99742,2019-03-09,"Tyler Nilson, Michael Schwartz"
tt4368814,7,2022-06-04,Louis C.K.: Live at the Comedy Store,https://www.imdb.com/title/tt4368814/,tvSpecial,7.8,66,2015,Comedy,6928,2015-01-27,Louis C.K.
tt4378376,9,2023-12-28,Babylon Berlin,https://www.imdb.com/title/tt4378376/,tvSeries,8.4,45,2017,"Crime, Drama, Thriller",28998,2017-09-30,
tt4378628,6,2022-12-30,"Westwood: Punk, Icon, Activist",https://www.imdb.com/title/tt4378628/,movie,6.2,83,2018,"Documentary, Biography, History",1124,2018-01-20,Lorna Tucker
tt4385888,7,2023-03-08,20th Century Women,https://www.imdb.com/title/tt4385888/,movie,7.3,119,2016,"Comedy, Drama",48656,2016-10-08,Mike Mills
tt0443453,7,2020-10-17,Borat: Cultural Learnings of America for Make Benefit Glorious Nation of Kazakhstan,https://www.imdb.com/title/tt0443453/,movie,7.4,84,2006,Comedy,435060,2006-08-04,Larry Charles
tt0443706,7,2023-12-15,Zodiac,https://www.imdb.com/title/tt0443706/,movie,7.7,157,2007,"Crime, Drama, Mystery, Thriller",585386,2007-02-28,David Fincher
tt0443844,5,2022-01-31,Les amants réguliers,https://www.imdb.com/title/tt0443844/,movie,6.8,183,2005,"Drama, Romance",2965,2005-09-03,Philippe Garrel
tt0446029,7,2023-08-04,Scott Pilgrim vs. the World,https://www.imdb.com/title/tt0446029/,movie,7.6,112,2010,"Action, Comedy, Fantasy, Romance",458740,2010-07-27,Edgar Wright
tt0449059,8,2021-01-05,Little Miss Sunshine,https://www.imdb.com/title/tt0449059/,movie,7.8,101,2006,"Comedy, Drama",509662,2006-01-20,"Jonathan Dayton, Valerie Faris"
tt0450188,7,2022-12-23,La Môme,https://www.imdb.com/title/tt0450188/,movie,7.6,140,2007,"Biography, Drama, Music, Romance",90075,2007-02-08,Olivier Dahan
tt4513674,5,2022-12-16,Café Society,https://www.imdb.com/title/tt4513674/,movie,6.6,96,2016,"Comedy, Drama, Romance",80491,2016-05-11,Woody Allen
tt4550098,9,2021-02-19,Nocturnal Animals,https://www.imdb.com/title/tt4550098/,movie,7.5,116,2016,"Drama, Thriller",299149,2016-09-02,Tom Ford
tt0457430,7,2023-10-04,El laberinto del fauno,https://www.imdb.com/title/tt0457430/,movie,8.2,118,2006,"Drama, Fantasy, War",695273,2006-05-27,Guillermo del Toro
tt4574334,9,2019-01-15,Stranger Things,https://www.imdb.com/title/tt4574334/,tvSeries,8.7,51,2016,"Drama, Fantasy, Horror, Mystery, Sci-Fi, Thriller",1301772,2016-07-11,
tt0045810,5,2020-03-30,Gentlemen Prefer Blondes,https://www.imdb.com/title/tt0045810/,movie,7.1,91,1953,"Comedy, Musical, Romance",41972,1953-07-01,Howard Hawks
tt0046250,6,2022-12-22,Roman Holiday,https://www.imdb.com/title/tt0046250/,movie,8.0,118,1953,"Comedy, Romance",145695,1953-08-20,William Wyler
tt0046303,6,2019-12-30,Shane,https://www.imdb.com/title/tt0046303/,movie,7.6,118,1953,"Drama, Western",43503,1953-04-23,George Stevens
tt4645368,6,2022-10-06,Juste la fin du monde,https://www.imdb.com/title/tt4645368/,movie,6.8,97,2016,Drama,24920,2016-05-19,Xavier Dolan
tt4686844,9,2020-04-20,The Death of Stalin,https://www.imdb.com/title/tt4686844/,movie,7.2,107,2017,"Comedy, Drama, History",111180,2017-09-08,Armando Iannucci
tt4694544,6,2019-12-22,Once Upon a Time in Venice,https://www.imdb.com/title/tt4694544/,movie,5.3,94,2017,"Action, Adventure, Comedy, Crime, Mystery",20699,2017-06-08,Mark Cullen
tt4698684,8,2022-03-15,Hunt for the Wilderpeople,https://www.imdb.com/title/tt4698684/,movie,7.8,101,2016,"Adventure, Comedy, Drama",139295,2016-01-22,Taika Waititi
tt0470055,8,2019-08-12,Open Water 2: Adrift,https://www.imdb.com/title/tt0470055/,movie,5.2,95,2006,"Adventure, Drama, Horror, Thriller",19757,2006-07-10,Hans Horn
tt4729430,6,2023-12-04,Klaus,https://www.imdb.com/title/tt4729430/,movie,8.2,96,2019,"Animation, Adventure, Comedy, Family, Fantasy",182811,2019-11-08,"Carlos Martínez López, Sergio Pablos"
tt4731136,7,2023-01-24,A Cure for Wellness,https://www.imdb.com/title/tt4731136/,movie,6.4,146,2016,"Drama, Fantasy, Horror, Mystery, Sci-Fi, Thriller",107713,2016-12-10,Gore Verbinski
tt0047396,8,2021-12-31,Rear Window,https://www.imdb.com/title/tt0047396/,movie,8.5,112,1954,"Mystery, Thriller",514667,1954-08-01,Alfred Hitchcock
tt0482571,7,2021-01-07,The Prestige,https://www.imdb.com/title/tt0482571/,movie,8.5,130,2006,"Drama, Mystery, Sci-Fi, Thriller",1415721,2006-10-17,Christopher Nolan
tt4846232,8,2021-05-03,Good Time,https://www.imdb.com/title/tt4846232/,movie,7.3,102,2017,"Crime, Drama, Thriller",136397,2017-05-25,"Benny Safdie, Josh Safdie"
tt4846340,7,2023-10-30,Hidden Figures,https://www.imdb.com/title/tt4846340/,movie,7.8,127,2016,"Biography, Drama, History",249871,2016-12-01,Theodore Melfi
tt0048605,4,2020-10-17,The Seven Year Itch,https://www.imdb.com/title/tt0048605/,movie,7.1,105,1955,"Comedy, Romance",41821,1955-06-01,Billy Wilder
tt4878612,6,2022-10-20,Z: The Beginning of Everything,https://www.imdb.com/title/tt4878612/,tvSeries,7.0,27,2015,"Biography, Drama, History",4637,2015-10-31,
tt0488120,6,2023-08-02,Fracture,https://www.imdb.com/title/tt0488120/,movie,7.2,113,2007,"Crime, Drama, Thriller",215942,2007-04-11,Gregory Hoblit
tt4925292,8,2021-01-08,Lady Bird,https://www.imdb.com/title/tt4925292/,movie,7.4,94,2017,"Comedy, Drama",319340,2017-09-01,Greta Gerwig
tt0049314,6,2022-02-20,High Society,https://www.imdb.com/title/tt0049314/,movie,6.9,111,1956,"Comedy, Musical, Romance",17252,1956-07-17,Charles Walters
tt0049730,6,2020-01-03,The Searchers,https://www.imdb.com/title/tt0049730/,movie,7.8,119,1956,"Adventure, Drama, Western",94963,1956-05-16,John Ford
tt0497465,6,2023-02-01,Vicky Cristina Barcelona,https://www.imdb.com/title/tt0497465/,movie,7.1,96,2008,"Comedy, Drama, Romance",266572,2008-05-17,Woody Allen
tt0499549,5,2019-08-13,Avatar,https://www.imdb.com/title/tt0499549/,movie,7.9,162,2009,"Action, Adventure, Fantasy, Sci-Fi",1369783,2009-12-10,James Cameron
tt0050083,7,2021-05-09,12 Angry Men,https://www.imdb.com/title/tt0050083/,movie,9.0,96,1957,"Crime, Drama",846811,1957-04-10,Sidney Lumet
tt5013056,7,2020-11-14,Dunkirk,https://www.imdb.com/title/tt5013056/,movie,7.8,106,2017,"Action, Drama, History, Thriller, War",722586,2017-07-13,Christopher Nolan
tt5027774,10,2020-05-07,"Three Billboards Outside Ebbing, Missouri",https://www.imdb.com/title/tt5027774/,movie,8.1,115,2017,"Comedy, Crime, Drama",544282,2017-09-04,Martin McDonagh
tt5061162,6,2023-05-23,Ucitelka,https://www.imdb.com/title/tt5061162/,movie,7.2,102,2016,"Comedy, Drama",3786,2016-07-04,Jan Hrebejk
tt0050783,7,2021-07-04,Le notti di Cabiria,https://www.imdb.com/title/tt0050783/,movie,8.1,110,1957,Drama,51418,1957-05-11,Federico Fellini
tt5083738,7,2022-03-25,The Favourite,https://www.imdb.com/title/tt5083738/,movie,7.5,119,2018,"Biography, Comedy, Drama, History",216767,2018-08-30,Yorgos Lanthimos
tt5093026,9,2019-04-16,Papillon,https://www.imdb.com/title/tt5093026/,movie,7.2,133,2017,"Adventure, Biography, Crime, Drama",83533,2017-09-07,Michael Noer
tt5109784,6,2023-12-01,Mother!,https://www.imdb.com/title/tt5109784/,movie,6.6,121,2017,"Drama, Horror, Mystery",245162,2017-09-05,Darren Aronofsky
tt5173032,9,2018-11-18,Buster's Mal Heart,https://www.imdb.com/title/tt5173032/,movie,6.1,96,2016,"Crime, Drama, Mystery, Thriller",11561,2016-09-30,Sarah Adina Smith
tt5186236,7,2023-10-09,Powidoki,https://www.imdb.com/title/tt5186236/,movie,7.0,98,2016,"Biography, Drama, History",3297,2016-09-10,Andrzej Wajda
tt5192124,9,2021-02-26,Bo Burnham: Make Happy,https://www.imdb.com/title/tt5192124/,tvSpecial,8.3,60,2016,"Comedy, Music",16249,2016-06-03,"Christopher Storer, Bo Burnham"
tt0052080,6,2022-11-19,Popiól i diament,https://www.imdb.com/title/tt0052080/,movie,7.7,103,1958,"Drama, Romance, War",13145,1958-10-03,Andrzej Wajda
tt5228812,8,2020-04-11,Waltz Alchevsk,https://www.imdb.com/title/tt5228812/,movie,7.8,56,2015,Documentary,7,2015-03-23,Vadym Ilkov
tt5247022,7,2022-09-09,Paterson,https://www.imdb.com/title/tt5247022/,movie,7.3,118,2016,"Comedy, Drama, Romance",87581,2016-05-16,Jim Jarmusch
tt5278832,7,2023-08-11,Córki dancingu,https://www.imdb.com/title/tt5278832/,movie,6.3,92,2015,"Drama, Fantasy, Horror, Musical, Thriller",9553,2015-12-16,Agnieszka Smoczynska
tt0052893,8,2022-08-20,Hiroshima mon amour,https://www.imdb.com/title/tt0052893/,movie,7.8,90,1959,"Drama, Romance",35228,1959-05-08,Alain Resnais
tt0053177,5,2023-06-07,Poema o more,https://www.imdb.com/title/tt0053177/,movie,6.5,95,1958,Drama,194,1958-10-17,Yuliya Solntseva
tt0053291,8,2020-03-07,Some Like It Hot,https://www.imdb.com/title/tt0053291/,movie,8.2,121,1959,"Comedy, Music, Romance",279970,1959-03-19,Billy Wilder
tt0053472,4,2022-11-17,À bout de souffle,https://www.imdb.com/title/tt0053472/,movie,7.7,90,1960,"Crime, Drama",86771,1960-03-16,Jean-Luc Godard
tt5363618,8,2021-05-08,Sound of Metal,https://www.imdb.com/title/tt5363618/,movie,7.7,120,2019,"Drama, Music",145767,2019-09-06,Darius Marder
tt0053779,6,2021-07-04,La dolce vita,https://www.imdb.com/title/tt0053779/,movie,8.0,174,1960,"Comedy, Drama",77202,1960-02-03,Federico Fellini
tt0053873,5,2021-10-13,Lita molodiyi,https://www.imdb.com/title/tt0053873/,movie,6.2,81,1959,"Musical, Romance",27,1959-03-09,Aleksei Mishurin
tt0054215,8,2021-01-04,Psycho,https://www.imdb.com/title/tt0054215/,movie,8.5,109,1960,"Horror, Mystery, Thriller",707980,1960-06-16,Alfred Hitchcock
tt5437928,6,2022-11-11,Colette,https://www.imdb.com/title/tt5437928/,movie,6.7,111,2018,"Biography, Drama, History, Romance",26074,2018-01-20,Wash Westmoreland
tt5487360,5,2022-10-09,Mariupolis,https://www.imdb.com/title/tt5487360/,movie,6.6,96,2016,Documentary,231,2016-02-14,Mantas Kvedaravicius
tt0055031,7,2023-02-28,Judgment at Nuremberg,https://www.imdb.com/title/tt0055031/,movie,8.3,179,1961,"Drama, War",83240,1961-12-14,Stanley Kramer
tt5509858,8,2021-09-16,Fitness Wins: 4 and 20 Fit Girls,https://www.imdb.com/title/tt5509858/,short,6.2,11,1940,"Documentary, Short",28,1940-12-31,Mary Field
tt5537002,7,2023-12-10,Killers of the Flower Moon,https://www.imdb.com/title/tt5537002/,movie,7.8,206,2023,"Crime, Drama, History, Mystery, Romance, Western",142370,2023-05-20,Martin Scorsese
tt5541240,7,2019-04-27,To the Bone,https://www.imdb.com/title/tt5541240/,movie,6.8,107,2017,Drama,53960,2017-01-22,Marti Noxon
tt0055572,6,2022-03-03,Une femme est une femme,https://www.imdb.com/title/tt0055572/,movie,7.3,85,1961,"Comedy, Drama, Romance",18972,1961-07-01,Jean-Luc Godard
tt5559596,6,2022-06-23,Sensiz,https://www.imdb.com/title/tt5559596/,short,7.2,15,2016,"Short, Drama, Family",48,2016-02-21,Nariman Aliev
tt5580036,7,2022-12-25,"I, Tonya",https://www.imdb.com/title/tt5580036/,movie,7.5,119,2017,"Biography, Comedy, Drama, Sport",237559,2017-09-08,Craig Gillespie
tt5580390,6,2023-07-01,The Shape of Water,https://www.imdb.com/title/tt5580390/,movie,7.3,123,2017,"Drama, Fantasy, Romance",441695,2017-08-31,Guillermo del Toro
tt0055852,6,2023-07-10,Cléo de 5 à 7,https://www.imdb.com/title/tt0055852/,movie,7.8,90,1962,"Comedy, Drama, Music",26272,1962-04-11,Agnès Varda
tt5592248,7,2022-03-11,The Beguiled,https://www.imdb.com/title/tt5592248/,movie,6.3,93,2017,"Drama, History, Thriller, War",60906,2017-05-24,Sofia Coppola
tt5606664,6,2023-11-26,Doctor Sleep,https://www.imdb.com/title/tt5606664/,movie,7.3,152,2019,"Drama, Fantasy, Horror, Thriller",214161,2019-10-30,Mike Flanagan
tt5607714,7,2022-09-10,Teströl és lélekröl,https://www.imdb.com/title/tt5607714/,movie,7.5,116,2017,"Drama, Fantasy, Mystery, Romance",29470,2017-02-10,Ildikó Enyedi
tt5613484,8,2022-03-16,Mid90s,https://www.imdb.com/title/tt5613484/,movie,7.3,85,2018,"Comedy, Drama",75773,2018-09-09,Jonah Hill
tt0056193,6,2021-06-26,Lolita,https://www.imdb.com/title/tt0056193/,movie,7.5,153,1962,"Crime, Drama, Romance",107372,1962-06-13,Stanley Kubrick
tt0056291,6,2023-02-12,Nóz w wodzie,https://www.imdb.com/title/tt0056291/,movie,7.4,94,1962,"Drama, Thriller",23274,1962-03-09,Roman Polanski
tt5649144,8,2022-02-06,The Florida Project,https://www.imdb.com/title/tt5649144/,movie,7.6,111,2017,Drama,124601,2017-05-22,Sean Baker
tt5666304,6,2023-07-26,The Little Hours,https://www.imdb.com/title/tt5666304/,movie,5.8,90,2017,"Comedy, Romance",24992,2017-01-19,Jeff Baena
tt0056801,4,2021-07-03,8½,https://www.imdb.com/title/tt0056801/,movie,8.0,138,1963,Drama,123724,1963-01-02,Federico Fellini
tt5687612,8,2020-02-03,Fleabag,https://www.imdb.com/title/tt5687612/,tvSeries,8.7,27,2016,"Comedy, Drama",190980,2016-07-21,
tt5691670,7,2023-08-13,Under the Silver Lake,https://www.imdb.com/title/tt5691670/,movie,6.5,139,2018,"Crime, Drama, Mystery, Thriller",49488,2018-05-15,David Robert Mitchell
tt5699160,7,2022-10-10,Blood Sausage,https://www.imdb.com/title/tt5699160/,short,8.1,23,2016,"Short, Comedy, Drama",96,2016-12-31,Arkadiy Nepytaliuk
tt0057012,8,2021-01-08,Dr. Strangelove or: How I Learned to Stop Worrying and Love the Bomb,https://www.imdb.com/title/tt0057012/,movie,8.4,95,1964,"Comedy, War",511396,1964-01-29,Stanley Kubrick
tt5715874,6,2022-03-25,The Killing of a Sacred Deer,https://www.imdb.com/title/tt5715874/,movie,7.0,121,2017,"Drama, Horror, Mystery, Thriller",174888,2017-05-22,Yorgos Lanthimos
tt0057261,6,2023-03-04,Lord of the Flies,https://www.imdb.com/title/tt0057261/,movie,6.9,92,1963,"Adventure, Drama, Thriller",20178,1963-05-12,Peter Brook
tt5726616,8,2021-05-08,Call Me by Your Name,https://www.imdb.com/title/tt5726616/,movie,7.8,132,2017,"Drama, Romance",303867,2017-01-22,Luca Guadagnino
tt5727208,7,2022-03-09,Uncut Gems,https://www.imdb.com/title/tt5727208/,movie,7.4,135,2019,"Crime, Drama, Thriller",310253,2019-08-30,"Benny Safdie, Josh Safdie"
tt5753856,7,2020-12-14,Dark,https://www.imdb.com/title/tt5753856/,tvSeries,8.7,1455,2017,"Crime, Drama, Mystery, Sci-Fi, Thriller",430797,2017-09-09,
tt5774060,6,2020-01-09,Underwater,https://www.imdb.com/title/tt5774060/,movie,5.9,95,2020,"Action, Horror, Sci-Fi, Thriller",94091,2020-01-07,William Eubank
tt5774450,7,2023-08-10,Summer of 84,https://www.imdb.com/title/tt5774450/,movie,6.7,105,2018,"Drama, Horror, Mystery, Thriller",45016,2018-01-22,"Anouk Whissell, François Simard, Yoann-Karl Whissell"
tt5776858,5,2023-03-03,Phantom Thread,https://www.imdb.com/title/tt5776858/,movie,7.4,130,2017,"Drama, History, Romance",142673,2017-12-11,Paul Thomas Anderson
tt5788792,8,2020-10-19,The Marvelous Mrs. Maisel,https://www.imdb.com/title/tt5788792/,tvSeries,8.7,2408,2017,"Comedy, Drama",139548,2017-03-17,
tt0058182,7,2019-04-17,A Hard Day's Night,https://www.imdb.com/title/tt0058182/,movie,7.5,87,1964,"Comedy, Musical",47525,1964-07-06,Richard Lester
tt0058450,7,2021-12-24,Les parapluies de Cherbourg,https://www.imdb.com/title/tt0058450/,movie,7.8,91,1964,"Drama, Musical, Romance",30575,1964-02-03,Jacques Demy
tt0058642,7,2022-09-01,Tini zabutykh predkiv,https://www.imdb.com/title/tt0058642/,movie,7.8,97,1965,"Drama, Romance",8205,1965-03-22,Sergei Parajanov
tt5886440,7,2023-01-24,Marrowbone,https://www.imdb.com/title/tt5886440/,movie,6.7,110,2017,"Drama, Horror, Mystery, Thriller",37372,2017-09-11,Sergio G. Sánchez
tt0058898,4,2021-12-16,Alphaville: Une étrange aventure de Lemmy Caution,https://www.imdb.com/title/tt0058898/,movie,7.0,99,1965,"Drama, Mystery, Sci-Fi, Thriller",27166,1965-05-05,Jean-Luc Godard
tt5890460,8,2020-06-21,Dyke pole,https://www.imdb.com/title/tt5890460/,movie,7.2,120,2018,"Adventure, Comedy, Drama, Western",954,2018-11-08,Yaroslav Lodygin
tt5929754,7,2023-12-19,Wildlife,https://www.imdb.com/title/tt5929754/,movie,6.8,105,2018,Drama,30888,2018-01-20,Paul Dano
tt0059646,6,2023-07-05,Repulsion,https://www.imdb.com/title/tt0059646/,movie,7.6,105,1965,"Drama, Horror, Thriller",56502,1965-05-19,Roman Polanski
tt0059655,6,2022-07-19,Krynytsya dlya sprahlykh,https://www.imdb.com/title/tt0059655/,movie,7.3,70,1965,Drama,410,1965-12-31,Yuri Ilyenko
tt5990474,8,2023-08-28,Columbus,https://www.imdb.com/title/tt5990474/,movie,7.2,104,2017,Drama,20427,2017-01-22,Kogonada
tt0060176,6,2021-01-04,Blow-Up,https://www.imdb.com/title/tt0060176/,movie,7.5,111,1966,"Drama, Mystery, Thriller",66625,1966-12-18,Michelangelo Antonioni
tt0060675,7,2022-02-16,Masculin féminin,https://www.imdb.com/title/tt0060675/,movie,7.4,110,1966,"Drama, Romance",17043,1966-03-22,Jean-Luc Godard
tt0060827,7,2021-12-06,Persona,https://www.imdb.com/title/tt0060827/,movie,8.1,85,1966,"Drama, Thriller",128713,1966-10-18,Ingmar Bergman
tt0060959,7,2021-09-23,Sedmikrásky,https://www.imdb.com/title/tt0060959/,movie,7.3,75,1966,Comedy,14850,1966-12-30,Vera Chytilová
tt6102080,7,2023-07-06,Red,https://www.imdb.com/title/tt6102080/,short,7.1,15,2017,"Short, Drama",181,2017-02-03,Del Kathryn Barton
tt6160448,6,2023-01-21,White Noise,https://www.imdb.com/title/tt6160448/,movie,5.7,136,2022,"Comedy, Drama, Horror, Mystery",43061,2022-08-31,Noah Baumbach
tt6164502,7,2023-08-20,November,https://www.imdb.com/title/tt6164502/,movie,7.2,115,2017,"Drama, Fantasy, Horror, Romance",5838,2017-01-27,"Jenny Van Son, Rainer Sarnet"
tt0061722,8,2020-03-14,The Graduate,https://www.imdb.com/title/tt0061722/,movie,8.0,106,1967,"Comedy, Drama, Romance",285680,1967-12-20,Mike Nichols
tt0061781,5,2022-09-20,"Horí, má panenko",https://www.imdb.com/title/tt0061781/,movie,7.4,73,1967,"Comedy, Drama",11855,1967-12-15,Milos Forman
tt6217926,7,2021-08-16,Annette,https://www.imdb.com/title/tt6217926/,movie,6.3,141,2021,"Drama, Musical, Romance",22188,2021-07-06,Leos Carax
tt0062430,6,2023-10-21,Valley of the Dolls,https://www.imdb.com/title/tt0062430/,movie,6.0,123,1967,"Drama, Music, Romance",9574,1967-12-13,Mark Robson
tt0062622,9,2020-08-21,2001: A Space Odyssey,https://www.imdb.com/title/tt0062622/,movie,8.3,149,1968,"Adventure, Sci-Fi",707652,1968-04-02,Stanley Kubrick
tt0063522,5,2020-04-05,Rosemary's Baby,https://www.imdb.com/title/tt0063522/,movie,8.0,137,1968,"Drama, Horror",231560,1968-06-12,Roman Polanski
tt6477262,7,2021-12-11,An Impossible Project,https://www.imdb.com/title/tt6477262/,movie,7.0,99,2020,Documentary,332,2020-01-26,Jens Meurer
tt6543652,8,2020-04-25,Zimna wojna,https://www.imdb.com/title/tt6543652/,movie,7.5,89,2018,"Drama, Music, Romance",61110,2018-05-10,Pawel Pawlikowski
tt0065670,7,2021-07-13,12 stulev,https://www.imdb.com/title/tt0065670/,movie,8.2,153,1971,"Adventure, Comedy, Crime",7123,1971-06-21,Leonid Gaidai
tt6628394,6,2023-11-11,Bad Times at the El Royale,https://www.imdb.com/title/tt6628394/,movie,7.1,141,2018,"Crime, Drama, Mystery, Thriller",161898,2018-09-22,Drew Goddard
tt0066516,4,2020-10-19,Valerie a týden divu,https://www.imdb.com/title/tt0066516/,movie,7.1,77,1970,"Adventure, Drama, Fantasy, Horror",10954,1970-09-03,Jaromil Jires
tt0066921,9,2020-07-25,A Clockwork Orange,https://www.imdb.com/title/tt0066921/,movie,8.3,136,1971,"Crime, Sci-Fi",869212,1971-12-19,Stanley Kubrick
tt6710474,8,2022-08-15,Everything Everywhere All at Once,https://www.imdb.com/title/tt6710474/,movie,7.8,139,2022,"Action, Adventure, Comedy, Fantasy, Sci-Fi",499360,2022-03-11,"Daniel Kwan, Daniel Scheinert"
tt6723592,7,2020-08-31,Tenet,https://www.imdb.com/title/tt6723592/,movie,7.3,150,2020,"Action, Sci-Fi, Thriller",573564,2020-08-22,Christopher Nolan
tt0067328,6,2022-03-24,The Last Picture Show,https://www.imdb.com/title/tt0067328/,movie,8.0,118,1971,"Drama, Romance",51606,1971-10-02,Peter Bogdanovich
tt6751668,7,2020-02-05,Gisaengchung,https://www.imdb.com/title/tt6751668/,movie,8.5,132,2019,"Drama, Thriller",915933,2019-05-21,Bong Joon Ho
tt6823148,8,2021-08-17,Benedetta,https://www.imdb.com/title/tt6823148/,movie,6.7,131,2021,"Biography, Drama, Romance",24521,2021-07-09,Paul Verhoeven
tt0068278,6,2023-12-20,Die bitteren Tränen der Petra von Kant,https://www.imdb.com/title/tt0068278/,movie,7.6,124,1972,"Drama, Romance",10796,1972-06-25,Rainer Werner Fassbinder
tt6828390,7,2020-07-15,Mr. Jones,https://www.imdb.com/title/tt6828390/,movie,6.9,141,2019,"Biography, Drama, Thriller",15552,2019-02-10,Agnieszka Holland
tt0068327,8,2023-07-02,Cabaret,https://www.imdb.com/title/tt0068327/,movie,7.8,124,1972,"Drama, Music, Musical, Romance",58440,1972-02-13,Bob Fosse
tt6835498,7,2023-11-17,Khrustal,https://www.imdb.com/title/tt6835498/,movie,7.0,95,2018,Drama,1857,2018-07-01,Darya Zhuk
tt0068555,7,2021-12-23,Everything You Always Wanted to Know About Sex * But Were Afraid to Ask,https://www.imdb.com/title/tt0068555/,movie,6.7,88,1972,Comedy,41347,1972-08-06,Woody Allen
tt6857112,6,2019-08-02,Us,https://www.imdb.com/title/tt6857112/,movie,6.8,116,2019,"Horror, Mystery, Thriller",333303,2019-03-08,Jordan Peele
tt0068655,7,2022-08-14,Le grand blond avec une chaussure noire,https://www.imdb.com/title/tt0068655/,movie,7.2,90,1972,"Comedy, Mystery",9059,1972-12-06,Yves Robert
tt6902676,7,2022-12-19,Guns Akimbo,https://www.imdb.com/title/tt6902676/,movie,6.3,98,2019,"Action, Comedy, Crime, Thriller",68118,2019-09-09,Jason Howden
tt0069089,6,2023-10-16,Pink Flamingos,https://www.imdb.com/title/tt0069089/,movie,6.0,93,1972,"Comedy, Crime",27336,1972-03-17,John Waters
tt6920356,6,2023-09-20,The Souvenir,https://www.imdb.com/title/tt6920356/,movie,6.4,120,2019,"Drama, Romance",14167,2019-01-27,Joanna Hogg
tt6938828,8,2023-07-17,At Eternity's Gate,https://www.imdb.com/title/tt6938828/,movie,6.9,111,2018,"Biography, Drama, History",39017,2018-09-03,Julian Schnabel
tt6962220,7,2023-08-23,Hunger for Truth,https://www.imdb.com/title/tt6962220/,movie,8.6,76,2018,"Documentary, History, War",8,2018-04-28,Andrew Tkach
tt6966692,8,2020-01-15,Green Book,https://www.imdb.com/title/tt6966692/,movie,8.2,130,2018,"Biography, Comedy, Drama, Music",548251,2018-09-11,Peter Farrelly
tt0069704,8,2021-07-17,American Graffiti,https://www.imdb.com/title/tt0069704/,movie,7.4,110,1973,"Comedy, Drama",96883,1973-07-27,George Lucas
tt6992978,6,2023-09-22,The Souvenir: Part II,https://www.imdb.com/title/tt6992978/,movie,7.1,107,2021,"Drama, Romance",4028,2021-07-08,Joanna Hogg
tt0069995,6,2023-07-25,Don't Look Now,https://www.imdb.com/title/tt0069995/,movie,7.1,110,1973,"Drama, Horror, Mystery, Thriller",61232,1973-10-11,Nicolas Roeg
tt7014006,7,2023-03-19,Eighth Grade,https://www.imdb.com/title/tt7014006/,movie,7.4,93,2018,"Comedy, Drama",81346,2018-01-19,Bo Burnham
tt0071129,7,2021-07-03,Amarcord,https://www.imdb.com/title/tt0071129/,movie,7.8,123,1973,"Comedy, Drama",46183,1973-12-18,Federico Fellini
tt7131622,8,2019-08-24,Once Upon a Time in... Hollywood,https://www.imdb.com/title/tt7131622/,movie,7.6,161,2019,"Comedy, Drama",817754,2019-05-21,Quentin Tarantino
tt7133202,7,2020-03-20,Koly padayut dereva,https://www.imdb.com/title/tt7133202/,movie,6.3,88,2018,Drama,709,2018-02-20,Marysia Nikitiuk
tt7139936,6,2022-05-22,A Rainy Day in New York,https://www.imdb.com/title/tt7139936/,movie,6.5,92,2019,"Comedy, Romance",49599,2019-07-26,Woody Allen
tt0071483,6,2023-11-15,Falsche Bewegung,https://www.imdb.com/title/tt0071483/,movie,6.9,103,1975,Drama,3790,1975-03-14,Wim Wenders
tt0071853,8,2021-01-04,Monty Python and the Holy Grail,https://www.imdb.com/title/tt0071853/,movie,8.2,91,1975,"Adventure, Comedy, Fantasy",563771,1975-03-14,"Terry Jones, Terry Gilliam"
tt7186036,6,2020-04-04,Vulkan,https://www.imdb.com/title/tt7186036/,movie,6.7,107,2018,"Comedy, Drama",693,2018-07-01,Roman Bondarchuk
tt7188868,8,2023-09-07,Diana: In Her Own Words,https://www.imdb.com/title/tt7188868/,tvMovie,7.8,112,2017,"Documentary, Biography",3973,2017-08-06,"David Tillman, Tom Jennings"
tt0071910,6,2023-06-06,Il portiere di notte,https://www.imdb.com/title/tt0071910/,movie,6.6,118,1974,Drama,14429,1974-04-03,Liliana Cavani
tt7230214,7,2022-10-10,No obvious signs,https://www.imdb.com/title/tt7230214/,movie,7.5,64,2018,"Documentary, Drama",59,2018-03-25,Alina Gorlova
tt7286456,9,2020-01-03,Joker,https://www.imdb.com/title/tt7286456/,movie,8.4,122,2019,"Crime, Drama, Thriller",1436422,2019-08-31,Todd Phillips
tt7322224,5,2022-12-07,Triangle of Sadness,https://www.imdb.com/title/tt7322224/,movie,7.3,147,2022,"Comedy, Drama",165432,2022-05-21,Ruben Östlund
tt0073486,8,2021-05-26,One Flew Over the Cuckoo's Nest,https://www.imdb.com/title/tt0073486/,movie,8.7,133,1975,Drama,1055258,1975-11-19,Milos Forman
tt7349662,7,2020-08-30,BlacKkKlansman,https://www.imdb.com/title/tt7349662/,movie,7.5,135,2018,"Biography, Comedy, Crime, Drama",285967,2018-05-14,Spike Lee
tt0073629,7,2019-10-12,The Rocky Horror Picture Show,https://www.imdb.com/title/tt0073629/,movie,7.4,100,1975,"Comedy, Horror, Musical",164609,1975-08-14,Jim Sharman
tt7366338,10,2019-06-05,Chernobyl,https://www.imdb.com/title/tt7366338/,tvMiniSeries,9.3,330,2019,"Drama, History, Thriller",838610,2019-05-06,
tt7395114,7,2021-01-08,The Devil All the Time,https://www.imdb.com/title/tt7395114/,movie,7.1,138,2020,"Crime, Drama, Thriller",149204,2020-09-10,Antonio Campos
tt7439064,7,2019-10-25,The Rising Hawk,https://www.imdb.com/title/tt7439064/,movie,5.7,104,2019,"Action, Drama, History",4377,2019-10-10,"Akhtem Seitablaev, John Wynn"
tt0074486,6,2020-12-15,Eraserhead,https://www.imdb.com/title/tt0074486/,movie,7.3,89,1977,"Fantasy, Horror",125117,1977-03-19,David Lynch
tt7475578,6,2022-12-03,Munich: The Edge of War,https://www.imdb.com/title/tt7475578/,movie,6.8,130,2021,"Biography, Drama, History, Thriller",35128,2021-10-13,Christian Schwochow
tt0075314,7,2020-11-09,Taxi Driver,https://www.imdb.com/title/tt0075314/,movie,8.2,114,1976,"Crime, Drama",901310,1976-02-08,Martin Scorsese
tt7557108,6,2023-03-08,Saint Maud,https://www.imdb.com/title/tt7557108/,movie,6.7,84,2019,"Drama, Horror, Mystery, Thriller",45114,2019-09-08,Rose Glass
tt0075686,7,2021-02-14,Annie Hall,https://www.imdb.com/title/tt0075686/,movie,8.0,93,1977,"Comedy, Romance",274972,1977-03-27,Woody Allen
tt7643478,6,2021-10-13,Lilac,https://www.imdb.com/title/tt7643478/,short,6.3,30,2017,"Short, Drama",23,2017-07-21,Kateryna Gornostai
tt0765120,9,2022-12-20,My Blueberry Nights,https://www.imdb.com/title/tt0765120/,movie,6.6,95,2007,"Drama, Romance",56173,2007-05-16,Kar-Wai Wong
tt7653254,6,2020-01-06,Marriage Story,https://www.imdb.com/title/tt7653254/,movie,7.9,137,2019,"Drama, Romance",338352,2019-08-29,Noah Baumbach
tt0076786,7,2023-05-27,Suspiria,https://www.imdb.com/title/tt0076786/,movie,7.3,99,1977,Horror,103315,1977-02-01,Dario Argento
tt7691572,8,2021-02-06,Kiborgy. Heroyi ne vmyrayut,https://www.imdb.com/title/tt7691572/,movie,7.5,112,2017,"Action, Drama, War",7636,2017-12-07,Akhtem Seitablaev
tt0769508,7,2022-02-08,Dans Paris,https://www.imdb.com/title/tt0769508/,movie,6.3,92,2006,"Drama, Romance",4178,2006-05-25,Christophe Honoré
tt7713068,7,2023-07-20,Birds of Prey and the Fantabulous Emancipation of One Harley Quinn,https://www.imdb.com/title/tt7713068/,movie,6.1,109,2020,"Action, Comedy, Crime",260221,2020-01-25,Cathy Yan
tt7736212,4,2020-04-20,Hutsulka Ksenya,https://www.imdb.com/title/tt7736212/,movie,7.1,90,2019,Musical,624,2019-03-07,Alena Demyanenko
tt7740496,7,2023-06-25,Nightmare Alley,https://www.imdb.com/title/tt7740496/,movie,7.0,150,2021,"Crime, Drama, Thriller",160988,2021-12-01,Guillermo del Toro
tt7751526,6,2023-08-31,Ma,https://www.imdb.com/title/tt7751526/,short,6.7,17,2017,"Documentary, Short, Family, War",14,2017-05-31,Maria Stoianova
tt7759362,8,2022-03-14,Drakulics elvtárs,https://www.imdb.com/title/tt7759362/,movie,6.5,95,2019,"Comedy, Fantasy, Horror, Mystery, Romance, Thriller",2834,2019-10-31,Márk Bodzsár
tt7784604,7,2021-07-28,Hereditary,https://www.imdb.com/title/tt7784604/,movie,7.3,127,2018,"Drama, Horror, Mystery, Thriller",365338,2018-01-21,Ari Aster
tt7798634,7,2023-08-21,Ready or Not,https://www.imdb.com/title/tt7798634/,movie,6.9,95,2019,"Action, Comedy, Horror, Mystery, Thriller",176234,2019-03-12,"Matt Bettinelli-Olpin, Tyler Gillett"
tt0780504,8,2021-01-04,Drive,https://www.imdb.com/title/tt0780504/,movie,7.8,100,2011,"Action, Drama",692299,2011-05-20,Nicolas Winding Refn
tt0780536,8,2020-01-31,In Bruges,https://www.imdb.com/title/tt0780536/,movie,7.9,107,2008,"Comedy, Crime, Drama, Thriller",455406,2008-01-17,Martin McDonagh
tt7830574,9,2021-07-16,Ricky Gervais: Humanity,https://www.imdb.com/title/tt7830574/,tvSpecial,8.0,79,2018,Comedy,22930,2018-03-13,John L. Spencer
tt0783233,9,2022-08-14,Atonement,https://www.imdb.com/title/tt0783233/,movie,7.8,123,2007,"Drama, Mystery, Romance, War",295287,2007-08-28,Joe Wright
tt0783849,6,2022-02-16,Un lever de rideau,https://www.imdb.com/title/tt0783849/,short,6.7,30,2006,"Short, Drama, Romance",843,2006-05-25,François Ozon
tt0078748,6,2023-08-04,Alien,https://www.imdb.com/title/tt0078748/,movie,8.5,117,1979,"Horror, Sci-Fi",933335,1979-05-25,Ridley Scott
tt0787524,6,2020-05-06,The Man Who Knew Infinity,https://www.imdb.com/title/tt0787524/,movie,7.2,108,2015,"Biography, Drama",61092,2015-09-17,Matt Brown
tt0078754,7,2023-08-08,All That Jazz,https://www.imdb.com/title/tt0078754/,movie,7.8,123,1979,"Drama, Music, Musical",34568,1979-12-16,Bob Fosse
tt7876510,9,2020-01-29,Moyi dumky tykhi,https://www.imdb.com/title/tt7876510/,movie,7.8,104,2019,"Comedy, Drama",3808,2019-07-04,Antonio Lukich
tt0078788,7,2021-07-15,Apocalypse Now,https://www.imdb.com/title/tt0078788/,movie,8.4,147,1979,"Drama, Mystery, War",699802,1979-05-19,Francis Ford Coppola
tt0079095,7,2023-07-24,Die Ehe der Maria Braun,https://www.imdb.com/title/tt0079095/,movie,7.7,120,1979,Drama,14694,1979-02-20,Rainer Werner Fassbinder
tt7939766,6,2021-12-23,I'm Thinking of Ending Things,https://www.imdb.com/title/tt7939766/,movie,6.6,134,2020,"Drama, Thriller",97709,2020-08-28,Charlie Kaufman
tt0079470,7,2021-01-09,Life of Brian,https://www.imdb.com/title/tt0079470/,movie,8.0,94,1979,Comedy,418810,1979-08-17,Terry Jones
tt0079522,7,2020-02-29,Manhattan,https://www.imdb.com/title/tt0079522/,movie,7.8,96,1979,"Comedy, Drama, Romance",145530,1979-04-18,Woody Allen
tt0795421,4,2023-10-24,Mamma Mia!,https://www.imdb.com/title/tt0795421/,movie,6.5,108,2008,"Comedy, Musical, Romance",267395,2008-06-30,Phyllida Lloyd
tt7984734,7,2020-01-10,The Lighthouse,https://www.imdb.com/title/tt7984734/,movie,7.4,109,2019,"Drama, Fantasy, Horror, Mystery, Thriller",246452,2019-05-19,Robert Eggers
tt0080083,7,2022-06-25,Vavilon XX,https://www.imdb.com/title/tt0080083/,movie,7.6,100,1979,Drama,332,1979-12-31,Ivan Mikolaychuk
tt8016764,6,2022-12-15,Hitler contro Picasso e gli altri,https://www.imdb.com/title/tt8016764/,movie,6.9,94,2018,"Documentary, History",262,2018-02-28,Claudio Poli
tt0805564,7,2023-08-27,Lars and the Real Girl,https://www.imdb.com/title/tt0805564/,movie,7.3,106,2007,"Comedy, Drama, Romance",153190,2007-09-16,Craig Gillespie
tt0080678,6,2021-02-08,The Elephant Man,https://www.imdb.com/title/tt0080678/,movie,8.2,124,1980,"Biography, Drama",254747,1980-10-02,David Lynch
tt8075202,5,2022-03-01,L'homme fidèle,https://www.imdb.com/title/tt8075202/,movie,6.2,75,2018,"Comedy, Drama, Romance",4234,2018-09-09,Louis Garrel
tt8079248,6,2020-01-04,Yesterday,https://www.imdb.com/title/tt8079248/,movie,6.8,116,2019,"Comedy, Fantasy, Music, Romance",163308,2019-05-04,Danny Boyle
tt0808417,7,2023-09-13,Persepolis,https://www.imdb.com/title/tt0808417/,movie,8.0,96,2007,"Animation, Biography, Drama, History, War",99117,2007-05-23,"Marjane Satrapi, Vincent Paronnaud"
tt0809407,6,2023-12-17,A fost sau n-a fost?,https://www.imdb.com/title/tt0809407/,movie,7.3,89,2006,"Comedy, Drama",8025,2006-05-24,Corneliu Porumboiu
tt8097030,7,2022-06-12,Turning Red,https://www.imdb.com/title/tt8097030/,movie,7.0,100,2022,"Animation, Adventure, Comedy, Drama, Family, Fantasy",145663,2022-03-01,Domee Shi
tt0810819,7,2022-03-26,The Danish Girl,https://www.imdb.com/title/tt0810819/,movie,7.1,119,2015,"Biography, Crime, Drama",197145,2015-09-05,Tom Hooper
tt0081505,5,2020-01-06,The Shining,https://www.imdb.com/title/tt0081505/,movie,8.4,146,1980,"Drama, Horror",1087589,1980-05-23,Stanley Kubrick
tt8205028,7,2022-09-10,A feleségem története,https://www.imdb.com/title/tt8205028/,movie,6.2,169,2021,"Drama, Romance",2601,2021-07-14,Ildikó Enyedi
tt8205656,7,2021-02-03,Cherkasy,https://www.imdb.com/title/tt8205656/,movie,6.6,102,2019,"Drama, History, War",1176,2019-07-16,Tymur Yashchenko
tt8206668,6,2021-11-14,Bad Education,https://www.imdb.com/title/tt8206668/,movie,7.1,108,2019,"Biography, Comedy, Crime, Drama",42929,2019-09-08,Cory Finley
tt8228288,8,2021-11-21,El hoyo,https://www.imdb.com/title/tt8228288/,movie,7.0,94,2019,"Horror, Sci-Fi, Thriller",262395,2019-09-06,Galder Gaztelu-Urrutia
tt0082671,5,2023-07-29,Lola,https://www.imdb.com/title/tt0082671/,movie,7.4,115,1981,"Drama, Romance",6733,1981-08-20,Rainer Werner Fassbinder
tt8268302,6,2022-09-17,Ya pratsyuyu na tsvyntari,https://www.imdb.com/title/tt8268302/,movie,7.4,100,2021,"Comedy, Crime, Drama",1382,2021-06-01,Alexey Taranenko
tt0082933,4,2022-09-11,Possession,https://www.imdb.com/title/tt0082933/,movie,7.3,124,1981,"Drama, Horror",40860,1981-05-25,Andrzej Zulawski
tt8350360,2,2019-08-06,Annabelle Comes Home,https://www.imdb.com/title/tt8350360/,movie,5.9,106,2019,"Horror, Mystery, Thriller",85337,2019-06-17,Gary Dauberman
tt8355636,6,2020-10-20,Hero of My Time,https://www.imdb.com/title/tt8355636/,movie,6.7,80,2018,"Comedy, Drama",304,2018-07-15,Tonya Noyabrova
tt8359848,7,2021-05-02,Climax,https://www.imdb.com/title/tt8359848/,movie,6.9,97,2018,"Drama, Horror, Music, Thriller",77282,2018-05-13,Gaspar Noé
tt8362736,6,2022-06-29,Make Up,https://www.imdb.com/title/tt8362736/,movie,5.9,86,2019,"Drama, Mystery, Thriller",1926,2019-10-04,Claire Oakley
tt8367814,9,2020-02-12,The Gentlemen,https://www.imdb.com/title/tt8367814/,movie,7.8,113,2019,"Action, Crime",379036,2019-12-03,Guy Ritchie
tt8368406,7,2023-09-23,Vivarium,https://www.imdb.com/title/tt8368406/,movie,5.9,97,2019,"Horror, Mystery, Sci-Fi",71311,2019-05-18,Lorcan Finnegan
tt0838221,6,2023-06-16,The Darjeeling Limited,https://www.imdb.com/title/tt0838221/,movie,7.2,91,2007,"Adventure, Comedy, Drama",214151,2007-08-31,Wes Anderson
tt8404614,8,2020-01-04,The Two Popes,https://www.imdb.com/title/tt8404614/,movie,7.6,125,2019,"Biography, Comedy, Drama",131263,2019-08-31,Fernando Meirelles
tt0844479,5,2022-03-29,The Collector,https://www.imdb.com/title/tt0844479/,movie,6.3,90,2009,"Horror, Thriller",71037,2009-07-31,Marcus Dunstan
tt0844666,5,2019-12-27,Blackout,https://www.imdb.com/title/tt0844666/,movie,5.0,85,2008,"Horror, Mystery, Thriller",3945,2008-05-29,Rigoberto Castañeda
tt0084503,6,2023-11-23,Pink Floyd: The Wall,https://www.imdb.com/title/tt0084503/,movie,8.0,95,1982,"Drama, Fantasy, Music",84491,1982-05-23,Alan Parker
tt0084518,6,2022-09-10,Polyoty vo sne i nayavu,https://www.imdb.com/title/tt0084518/,movie,7.5,92,1983,Drama,1323,1983-01-17,Roman Balayan
tt0084549,7,2023-01-29,Przypadek,https://www.imdb.com/title/tt0084549/,movie,7.7,114,1987,"Drama, Romance",10957,1987-01-10,Krzysztof Kieslowski
tt0084654,6,2023-08-14,Die Sehnsucht der Veronika Voss,https://www.imdb.com/title/tt0084654/,movie,7.6,104,1982,Drama,7684,1982-02-18,Rainer Werner Fassbinder
tt8503618,8,2022-08-18,Hamilton,https://www.imdb.com/title/tt8503618/,movie,8.3,160,2020,"Biography, Drama, History, Musical",109325,2020-07-03,Thomas Kail
tt8526316,5,2020-01-05,20/20 Bezlyudna krayina,https://www.imdb.com/title/tt8526316/,movie,6.0,70,2018,Fantasy,58,2018-05-29,Kornii Hrytsiuk
tt8577458,6,2023-11-25,High Fidelity,https://www.imdb.com/title/tt8577458/,tvSeries,7.7,30,2020,"Comedy, Drama, Romance",15488,2020-02-14,
tt0085794,5,2020-11-10,The King of Comedy,https://www.imdb.com/title/tt0085794/,movie,7.8,109,1982,"Comedy, Crime, Drama, Thriller",115986,1982-12-18,Martin Scorsese
tt8579674,8,2020-02-08,1917,https://www.imdb.com/title/tt8579674/,movie,8.2,119,2019,"Action, Drama, War",656475,2019-12-04,Sam Mendes
tt8580274,8,2020-06-29,Eurovision Song Contest: The Story of Fire Saga,https://www.imdb.com/title/tt8580274/,movie,6.5,123,2020,"Comedy, Music",100813,2020-06-26,David Dobkin
tt8593904,7,2022-02-02,Rifkin's Festival,https://www.imdb.com/title/tt8593904/,movie,6.1,88,2020,"Comedy, Romance",9116,2020-09-18,Woody Allen
tt8613070,7,2022-03-21,Portrait de la jeune fille en feu,https://www.imdb.com/title/tt8613070/,movie,8.1,122,2019,"Drama, Romance",105723,2019-05-19,Céline Sciamma
tt0086250,8,2022-01-24,Scarface,https://www.imdb.com/title/tt0086250/,movie,8.3,170,1983,"Crime, Drama",898778,1983-12-01,Brian De Palma
tt8637440,6,2021-01-29,The Climb,https://www.imdb.com/title/tt8637440/,movie,6.7,98,2019,"Comedy, Drama",5075,2019-05-17,Michael Angelo Covino
tt0086541,6,2022-11-19,Videodrome,https://www.imdb.com/title/tt0086541/,movie,7.2,87,1983,"Horror, Sci-Fi, Thriller",101125,1983-02-04,David Cronenberg
tt0086879,7,2023-08-03,Amadeus,https://www.imdb.com/title/tt0086879/,movie,8.4,160,1984,"Biography, Drama, Music",421731,1984-09-06,Milos Forman
tt0086984,4,2022-12-06,Body Double,https://www.imdb.com/title/tt0086984/,movie,6.8,114,1984,"Crime, Drama, Mystery, Thriller",37248,1984-10-15,Brian De Palma
tt0870984,7,2022-12-12,Antichrist,https://www.imdb.com/title/tt0870984/,movie,6.5,108,2009,"Drama, Horror, Thriller",134456,2009-05-18,Lars von Trier
tt8721424,6,2022-03-02,"tick, tick...BOOM!",https://www.imdb.com/title/tt8721424/,movie,7.5,115,2021,"Biography, Comedy, Drama, Musical",117052,2021-11-10,Lin-Manuel Miranda
tt8746478,6,2023-08-16,Fosse/Verdon,https://www.imdb.com/title/tt8746478/,tvMiniSeries,7.9,402,2019,"Biography, Drama, Music",7168,2019-04-09,
tt8768344,6,2021-10-19,Bond,https://www.imdb.com/title/tt8768344/,short,7.8,30,2018,"Documentary, Short",9,2018-07-18,Zhanna Ozirna
tt8772262,7,2023-01-18,Midsommar,https://www.imdb.com/title/tt8772262/,movie,7.1,148,2019,"Drama, Horror, Mystery, Thriller",384282,2019-06-24,Ari Aster
tt8772296,8,2019-08-08,Euphoria,https://www.imdb.com/title/tt8772296/,tvSeries,8.3,55,2019,Drama,226631,2019-06-16,
tt0087884,8,2023-02-10,"Paris, Texas",https://www.imdb.com/title/tt0087884/,movie,8.1,145,1984,Drama,115521,1984-05-19,Wim Wenders
tt0879843,5,2023-01-31,Katyn,https://www.imdb.com/title/tt0879843/,movie,7.0,122,2007,"Drama, History, War",17257,2007-09-17,Andrzej Wajda
tt0088083,7,2023-02-01,Seksmisja,https://www.imdb.com/title/tt0088083/,movie,7.5,117,1984,"Adventure, Comedy, Sci-Fi",14166,1984-05-14,Juliusz Machulski
tt0088258,6,2022-09-07,This Is Spinal Tap,https://www.imdb.com/title/tt0088258/,movie,7.9,82,1984,"Comedy, Music",145385,1984-03-02,Rob Reiner
tt8847712,8,2021-12-28,The French Dispatch,https://www.imdb.com/title/tt8847712/,movie,7.1,107,2021,"Comedy, Drama, Romance",146046,2021-07-12,Wes Anderson
tt8850222,6,2020-08-28,Busanhaeng 2: Bando,https://www.imdb.com/title/tt8850222/,movie,5.5,116,2020,"Action, Horror, Thriller",36833,2020-07-15,Sang-ho Yeon
tt0088763,8,2019-04-16,Back to the Future,https://www.imdb.com/title/tt0088763/,movie,8.5,116,1985,"Adventure, Comedy, Sci-Fi",1282546,1985-07-03,Robert Zemeckis
tt0887883,6,2023-03-10,Burn After Reading,https://www.imdb.com/title/tt0887883/,movie,7.0,96,2008,"Comedy, Crime, Drama, Thriller",348507,2008-08-27,"Joel Coen, Ethan Coen"
tt0088847,7,2020-06-22,The Breakfast Club,https://www.imdb.com/title/tt0088847/,movie,7.8,97,1985,"Comedy, Drama",429165,1985-02-07,John Hughes
tt8897388,7,2021-08-16,Rivale,https://www.imdb.com/title/tt8897388/,movie,6.3,96,2020,Drama,129,2020-10-21,Marcus Lenz
tt8946378,7,2020-04-30,Knives Out,https://www.imdb.com/title/tt8946378/,movie,7.9,130,2019,"Comedy, Crime, Drama, Mystery, Thriller",753143,2019-09-07,Rian Johnson
tt8963708,8,2023-09-10,And Then We Danced,https://www.imdb.com/title/tt8963708/,movie,7.6,113,2019,"Drama, Romance",14122,2019-05-16,Levan Akin
tt9059704,7,2023-08-22,An American Pickle,https://www.imdb.com/title/tt9059704/,movie,5.7,88,2020,"Comedy, Fantasy",25994,2020-07-26,Brandon Trost
tt9059760,7,2021-08-03,Normal People,https://www.imdb.com/title/tt9059760/,tvMiniSeries,8.4,339,2020,"Drama, Romance",84423,2020-04-26,
tt0090605,6,2023-08-05,Aliens,https://www.imdb.com/title/tt0090605/,movie,8.4,137,1986,"Action, Adventure, Sci-Fi, Thriller",751873,1986-07-14,James Cameron
tt0090756,8,2022-09-19,Blue Velvet,https://www.imdb.com/title/tt0090756/,movie,7.7,120,1986,"Crime, Drama, Mystery, Thriller",212032,1986-08-30,David Lynch
tt9100054,8,2023-03-07,The Lost Daughter,https://www.imdb.com/title/tt9100054/,movie,6.7,121,2021,Drama,73174,2021-09-02,Maggie Gyllenhaal
tt0910970,7,2023-11-22,WALL·E,https://www.imdb.com/title/tt0910970/,movie,8.4,98,2008,"Animation, Adventure, Family, Sci-Fi",1179491,2008-06-21,Andrew Stanton
tt9127488,6,2021-07-14,Postal,https://www.imdb.com/title/tt9127488/,movie,6.4,77,2019,Comedy,356,2019-04-13,Tyler Falbo
tt9129218,6,2023-09-16,State Institution,https://www.imdb.com/title/tt9129218/,short,,9,2018,"Documentary, Short",,2018-05-31,"Yarema Malashchuk, Roman Khimei"
tt9134488,6,2023-09-01,Parapetówka,https://www.imdb.com/title/tt9134488/,short,5.5,10,2017,Short,6,2017-07-21,Nadia Parfan
tt0914798,7,2023-08-26,The Boy in the Striped Pajamas,https://www.imdb.com/title/tt0914798/,movie,7.7,94,2008,"Drama, War",239853,2008-08-28,Mark Herman
tt9172422,7,2020-06-27,La Belle Époque,https://www.imdb.com/title/tt9172422/,movie,7.4,115,2019,"Comedy, Drama, Fantasy, Romance",19034,2019-05-20,Nicolas Bedos
tt9185206,8,2023-11-11,"Are You There God? It's Me, Margaret.",https://www.imdb.com/title/tt9185206/,movie,7.4,106,2023,"Comedy, Drama, Family",20864,2023-04-23,Kelly Fremon Craig
tt0092005,7,2020-03-15,Stand by Me,https://www.imdb.com/title/tt0092005/,movie,8.1,89,1986,"Adventure, Comedy, Drama",433270,1986-08-06,Rob Reiner
tt9214832,7,2022-03-19,Emma.,https://www.imdb.com/title/tt9214832/,movie,6.7,124,2020,"Comedy, Drama, Romance",60859,2020-02-13,Autumn de Wilde
tt0092337,8,2023-06-27,Dekalog,https://www.imdb.com/title/tt0092337/,tvMiniSeries,8.9,572,1989,Drama,27421,1989-05-16,
tt9243804,3,2021-08-14,The Green Knight,https://www.imdb.com/title/tt9243804/,movie,6.6,130,2021,"Adventure, Drama, Fantasy",113245,2021-07-29,David Lowery
tt0927619,6,2021-09-02,Louis C.K.: Shameless,https://www.imdb.com/title/tt0927619/,tvSpecial,8.5,56,2007,Comedy,8977,2007-01-13,Steven J. Santos
tt9316182,9,2020-05-24,It Was Showering in Manchester,https://www.imdb.com/title/tt9316182/,short,7.3,27,2015,Short,37,2015-10-29,"Valeria Kalchenko, Antonio Lukich"
tt0093191,6,2023-02-17,Der Himmel über Berlin,https://www.imdb.com/title/tt0093191/,movie,7.9,128,1987,"Drama, Fantasy, Romance",75563,1987-05-17,Wim Wenders
tt9344894,7,2021-10-06,End-O,https://www.imdb.com/title/tt9344894/,short,6.7,15,2019,"Short, Comedy",94,2019-10-10,Alice Seabright
tt9421570,7,2023-06-19,The Guilty,https://www.imdb.com/title/tt9421570/,movie,6.3,90,2021,"Crime, Drama, Thriller",143911,2021-09-11,Antoine Fuqua
tt9431740,7,2020-01-21,Evge,https://www.imdb.com/title/tt9431740/,movie,7.3,96,2019,Drama,1914,2019-05-22,Nariman Aliev
tt9432142,6,2022-06-23,Seni Sevem,https://www.imdb.com/title/tt9432142/,short,6.5,14,2014,"Short, Drama, Romance",20,2014-10-28,Nariman Aliev
tt0094332,6,2023-11-08,The Witches of Eastwick,https://www.imdb.com/title/tt0094332/,movie,6.5,118,1987,"Comedy, Fantasy, Horror",76141,1987-06-12,George Miller
tt9455468,6,2023-03-31,Pamfir,https://www.imdb.com/title/tt9455468/,movie,7.5,107,2022,"Action, Drama, Thriller",2898,2022-05-21,Dmytro Sukholytkyy-Sobchuk
tt0094721,6,2020-06-24,Beetlejuice,https://www.imdb.com/title/tt0094721/,movie,7.5,92,1988,"Comedy, Fantasy",331945,1988-03-29,Tim Burton
tt0947798,8,2022-11-21,Black Swan,https://www.imdb.com/title/tt0947798/,movie,8.0,108,2010,"Drama, Thriller",810610,2010-09-01,Darren Aronofsky
tt9480644,7,2023-08-31,70 Streets,https://www.imdb.com/title/tt9480644/,short,7.3,7,2016,Short,12,2016-07-20,Maks Lyzhov
tt9484998,7,2021-05-17,Palm Springs,https://www.imdb.com/title/tt9484998/,movie,7.4,90,2020,"Comedy, Fantasy, Mystery, Romance",177646,2020-01-26,Max Barbakow
tt0095467,7,2023-02-11,Krótki film o milosci,https://www.imdb.com/title/tt0095467/,movie,8.1,87,1988,"Drama, Romance",25583,1988-09-22,Krzysztof Kieslowski
tt0095468,7,2023-03-01,Krótki film o zabijaniu,https://www.imdb.com/title/tt0095468/,movie,8.0,84,1988,"Crime, Drama",22006,1988-03-11,Krzysztof Kieslowski
tt9549128,7,2021-08-19,National Museum,https://www.imdb.com/title/tt9549128/,movie,7.6,,2021,Documentary,20,2021-08-18,Andrei Zagdansky
tt0095675,7,2023-07-14,"Mujeres al borde de un ataque de ""nervios""",https://www.imdb.com/title/tt0095675/,movie,7.5,88,1988,"Comedy, Drama",45550,1988-03-14,Pedro Almodóvar
tt0095705,6,2021-03-02,The Naked Gun: From the Files of Police Squad!,https://www.imdb.com/title/tt0095705/,movie,7.6,85,1988,"Comedy, Crime",181336,1988-12-02,David Zucker
tt0959337,8,2022-04-13,Revolutionary Road,https://www.imdb.com/title/tt0959337/,movie,7.3,119,2008,"Drama, Romance",222657,2008-12-15,Sam Mendes
tt9620288,6,2022-02-15,King Richard,https://www.imdb.com/title/tt9620288/,movie,7.5,144,2021,"Biography, Drama, Sport",130928,2021-09-02,Reinaldo Marcus Green
tt9620292,7,2021-02-26,Promising Young Woman,https://www.imdb.com/title/tt9620292/,movie,7.5,113,2020,"Crime, Drama, Mystery, Thriller",202570,2020-01-25,Emerald Fennell
tt9639470,7,2021-11-05,Last Night in Soho,https://www.imdb.com/title/tt9639470/,movie,7.0,116,2021,"Drama, Horror, Mystery, Thriller",169461,2021-09-04,Edgar Wright
tt0096438,6,2023-09-17,Who Framed Roger Rabbit,https://www.imdb.com/title/tt0096438/,movie,7.7,104,1988,"Animation, Adventure, Comedy, Crime, Family, Fantasy, Mystery",213754,1988-06-21,Robert Zemeckis
tt0096863,8,2022-09-23,Az én XX. századom,https://www.imdb.com/title/tt0096863/,movie,7.1,102,1989,"Comedy, Drama, Sci-Fi",1963,1989-09-15,Ildikó Enyedi
tt0096874,7,2021-05-19,Back to the Future Part II,https://www.imdb.com/title/tt0096874/,movie,7.8,108,1989,"Adventure, Comedy, Sci-Fi",564115,1989-11-20,Robert Zemeckis
tt0970179,6,2023-03-30,Hugo,https://www.imdb.com/title/tt0970179/,movie,7.5,126,2011,"Adventure, Drama, Family, Fantasy, Mystery",334221,2011-10-10,Martin Scorsese
tt0970468,7,2019-12-23,Miss Pettigrew Lives for a Day,https://www.imdb.com/title/tt0970468/,movie,7.0,92,2008,"Comedy, Romance",29535,2008-03-07,Bharat Nalluri
tt0097165,6,2022-03-19,Dead Poets Society,https://www.imdb.com/title/tt0097165/,movie,8.1,128,1989,"Comedy, Drama",531981,1989-06-02,Peter Weir
tt9734324,7,2021-09-11,Mustard in the gardens,https://www.imdb.com/title/tt9734324/,short,6.7,37,2018,"Documentary, Short",8,2018-03-26,Piotr Armianovski
tt0976051,8,2021-09-07,The Reader,https://www.imdb.com/title/tt0976051/,movie,7.6,124,2008,"Drama, Mystery, Romance",256349,2008-12-10,Stephen Daldry
tt9764362,6,2023-01-14,The Menu,https://www.imdb.com/title/tt9764362/,movie,7.2,107,2022,"Comedy, Horror, Thriller",368432,2022-09-10,Mark Mylod
tt0098258,5,2020-06-28,Say Anything...,https://www.imdb.com/title/tt0098258/,movie,7.3,100,1989,"Comedy, Drama, Romance",94899,1989-04-14,Cameron Crowe
tt9827854,7,2021-01-08,Hollywood,https://www.imdb.com/title/tt9827854/,tvMiniSeries,7.5,347,2020,"Drama, History",40007,2020-02-23,
tt0098327,6,2023-10-19,Der siebente Kontinent,https://www.imdb.com/title/tt0098327/,movie,7.6,108,1989,Drama,16630,1989-05-19,Michael Haneke
tt0098532,7,2023-12-10,Tulitikkutehtaan tyttö,https://www.imdb.com/title/tt0098532/,movie,7.5,69,1990,"Comedy, Crime, Drama",10941,1990-01-12,Aki Kaurismäki
tt0098577,4,2022-03-29,Vampire's Kiss,https://www.imdb.com/title/tt0098577/,movie,6.1,103,1988,"Comedy, Crime, Fantasy, Horror",20231,1988-05-31,Robert Bierman
tt0098635,7,2020-04-28,When Harry Met Sally...,https://www.imdb.com/title/tt0098635/,movie,7.7,95,1989,"Comedy, Drama, Romance",237369,1989-07-12,Rob Reiner
tt0993846,8,2020-03-06,The Wolf of Wall Street,https://www.imdb.com/title/tt0993846/,movie,8.2,180,2013,"Biography, Comedy, Crime, Drama",1542173,2013-12-09,Martin Scorsese
tt0996605,6,2022-06-04,Les chansons d'amour,https://www.imdb.com/title/tt0996605/,movie,7.0,91,2007,"Drama, Musical, Romance",10013,2007-05-18,Christophe Honoré
tt0099685,7,2021-05-15,Goodfellas,https://www.imdb.com/title/tt0099685/,movie,8.7,145,1990,"Biography, Crime, Drama",1233799,1990-09-09,Martin Scorsese
